supplierCompanyCode,irn,invoiceNumber,supplierTin,documentType,issueDate,clearanceDate,status,uuid,currency,taxableAmount,taxAmount,totalAmount,taxScheme,buyerTin,buyerName,isConsolidated
1000,IRN-1001,SI1001,MYSUP0000001,INV,2026-06-03,2026-06-03,CLEARED,uuid-IRN-1001,MYR,5000.00,400.00,5400.00,SST-S,MYB0000001,Buyer 1,false
1000,BILL2002,EINV2002,MYSUP0000001,INV,2026-06-04,2026-06-04,CLEARED,uuid-BILL2002,MYR,8125.00,650.00,8775.00,SST-S,MYB0000002,Buyer 2,false
1000,WEXEI7,WEXEI7,MYSUP0000001,INV,2026-06-06,2026-06-06,CLEARED,uuid-WEXEI7,MYR,12500.00,1000.00,13500.00,SST-S,MYB0000003,Buyer 3,false
1000,SPLITEI4,SPLITEI4,MYSUP0000001,INV,2026-06-08,2026-06-08,CLEARED,uuid-SPLITEI4,MYR,15000.00,1200.00,16200.00,SST-S,MYB0000004,Buyer 4,false
1000,NM6E0,NM6E0,MYSUP0000001,INV,2026-06-10,2026-06-10,CLEARED,uuid-NM6E0,MYR,4625.00,370.00,4995.00,SST-S,MYB0000006,Buyer 6,false
1000,NM6E1,NM6E1,MYSUP0000001,INV,2026-06-10,2026-06-10,CLEARED,uuid-NM6E1,MYR,4750.00,380.00,5130.00,SST-S,MYB0000006,Buyer 6,false
1000,NM6E2,NM6E2,MYSUP0000001,INV,2026-06-10,2026-06-10,CLEARED,uuid-NM6E2,MYR,4875.00,390.00,5265.00,SST-S,MYB0000006,Buyer 6,false
1000,NM6E3,NM6E3,MYSUP0000001,INV,2026-06-10,2026-06-10,CLEARED,uuid-NM6E3,MYR,4500.00,360.00,4860.00,SST-S,MYB0000006,Buyer 6,false
1000,DEG7EI,DEG7EI,MYSUP0000001,INV,2026-06-12,2026-06-12,CLEARED,uuid-DEG7EI,MYR,12500.00,1000.00,13500.00,SST-S,MYB0000007,Buyer 7,false
1000,E2EI9,E2EI9,MYSUP0000001,INV,2026-06-05,2026-06-05,CANCELLED,uuid-E2EI9,MYR,4162.50,333.00,4495.50,SST-S,MYB0000009,Buyer 9,false
1000,E5EI12,E5EI12,MYSUP0000001,INV,2026-06-15,2026-06-15,CLEARED,uuid-E5EI12,MYR,11000.00,880.00,11880.00,SST-S,MYB0000012,Buyer 12,false
1000,E5EI13,E5EI13,MYSUP0000001,INV,2026-06-16,2026-06-16,CLEARED,uuid-E5EI13,MYR,1875.00,150.00,2025.00,SST-S,MYB0000013,Buyer 13,false
1000,E7EI15,E7EI15,MYSUP0000001,INV,2026-06-19,2026-06-19,CLEARED,uuid-E7EI15,MYR,11750.00,940.00,12690.00,SST-S,MYB0000015,Buyer 15,false
1000,WHTEI16,WHTAR16,MYSUP0000001,INV,2026-06-11,2026-06-11,CLEARED,uuid-WHTEI16,MYR,6250.00,500.00,6750.00,SST-S,MYB0000016,Buyer 16,false
1000,RND18,RNDAR18,MYSUP0000001,INV,2026-06-13,2026-06-13,CLEARED,uuid-RND18,MYR,4712.50,377.00,5089.50,SST-S,MYB0000018,Buyer 18,false
1000,MULTI19,MULTIAR19,MYSUP0000001,INV,2026-06-14,2026-06-14,CLEARED,uuid-MULTI19,MYR,25000.00,2000.00,27000.00,SST-S,MYB0000019,Buyer 19,false
1000,WTC20,WTCAR20,MYSUP0000001,INV,2026-06-17,2026-06-17,CLEARED,uuid-WTC20,MYR,6250.00,500.00,6750.00,SST-S,MYB0000020,Buyer 20,false
1000,CN21,CNAR21,MYSUP0000001,G2,2026-06-21,2026-06-21,CLEARED,uuid-CN21,MYR,3250.00,260.00,3510.00,SST-S,MYB0000021,Buyer 21,false
1000,CUT22,CUTAR22,MYSUP0000001,INV,2026-06-30,2026-06-30,CLEARED,uuid-CUT22,MYR,5125.00,410.00,5535.00,SST-S,MYB0000022,Buyer 22,false
1000,FX23,FXAR23,MYSUP0000001,INV,2026-06-22,2026-06-22,CLEARED,uuid-FX23,MYR,8750.00,700.00,9450.00,SST-S,MYB0000023,Buyer 23,false
1000,CN24BROKEN,CN24E,MYSUP0000001,G2,2026-06-23,2026-06-23,CLEARED,uuid-CN24BROKEN,MYR,2250.00,180.00,2430.00,SST-S,MYB0000024,Buyer 24,false
1000,DUPAR26,DUPAR26,MYSUP0000001,INV,2026-06-26,2026-06-26,CLEARED,uuid-DUPAR26,MYR,6937.50,555.00,7492.50,SST-S,MYB0000026,Buyer 26,false
1000,DUPAR26B,DUPAR26,MYSUP0000001,INV,2026-06-26,2026-06-26,CLEARED,uuid-DUPAR26B,MYR,6937.50,555.00,7492.50,SST-S,MYB0000026,Buyer 26,false
1000,FIL1000,FIL1000,MYSUP0000001,INV,2026-06-02,2026-06-02,CLEARED,uuid-FIL1000,MYR,3750.00,300.00,4050.00,SST-S,MYF0001000,Filler 1000,false
1000,FIL1001,FIL1001,MYSUP0000001,INV,2026-06-03,2026-06-03,CLEARED,uuid-FIL1001,MYR,3762.50,301.00,4063.50,SST-S,MYF0001001,Filler 1001,false
1000,FIL1002,FIL1002,MYSUP0000001,INV,2026-06-04,2026-06-04,CLEARED,uuid-FIL1002,MYR,3775.00,302.00,4077.00,SST-S,MYF0001002,Filler 1002,false
1000,FIL1003,FIL1003,MYSUP0000001,INV,2026-06-05,2026-06-05,CLEARED,uuid-FIL1003,MYR,3787.50,303.00,4090.50,SST-S,MYF0001003,Filler 1003,false
1000,FIL1004,FIL1004,MYSUP0000001,INV,2026-06-06,2026-06-06,CLEARED,uuid-FIL1004,MYR,3800.00,304.00,4104.00,SST-S,MYF0001004,Filler 1004,false
1000,FIL1005,FIL1005,MYSUP0000001,INV,2026-06-07,2026-06-07,CLEARED,uuid-FIL1005,MYR,3812.50,305.00,4117.50,SST-S,MYF0001005,Filler 1005,false
1000,FIL1006,FIL1006,MYSUP0000001,INV,2026-06-08,2026-06-08,CLEARED,uuid-FIL1006,MYR,3825.00,306.00,4131.00,SST-S,MYF0001006,Filler 1006,false
1000,FIL1007,FIL1007,MYSUP0000001,INV,2026-06-09,2026-06-09,CLEARED,uuid-FIL1007,MYR,3837.50,307.00,4144.50,SST-S,MYF0001007,Filler 1007,false
1000,FIL1008,FIL1008,MYSUP0000001,INV,2026-06-10,2026-06-10,CLEARED,uuid-FIL1008,MYR,3850.00,308.00,4158.00,SST-S,MYF0001008,Filler 1008,false
1000,FIL1009,FIL1009,MYSUP0000001,INV,2026-06-11,2026-06-11,CLEARED,uuid-FIL1009,MYR,3862.50,309.00,4171.50,SST-S,MYF0001009,Filler 1009,false
1000,FIL1010,FIL1010,MYSUP0000001,INV,2026-06-12,2026-06-12,CLEARED,uuid-FIL1010,MYR,3875.00,310.00,4185.00,SST-S,MYF0001010,Filler 1010,false
1000,FIL1011,FIL1011,MYSUP0000001,INV,2026-06-13,2026-06-13,CLEARED,uuid-FIL1011,MYR,3887.50,311.00,4198.50,SST-S,MYF0001011,Filler 1011,false
1000,FIL1012,FIL1012,MYSUP0000001,INV,2026-06-14,2026-06-14,CLEARED,uuid-FIL1012,MYR,3900.00,312.00,4212.00,SST-S,MYF0001012,Filler 1012,false
1000,FIL1013,FIL1013,MYSUP0000001,INV,2026-06-15,2026-06-15,CLEARED,uuid-FIL1013,MYR,3912.50,313.00,4225.50,SST-S,MYF0001013,Filler 1013,false
1000,FIL1014,FIL1014,MYSUP0000001,INV,2026-06-16,2026-06-16,CLEARED,uuid-FIL1014,MYR,3925.00,314.00,4239.00,SST-S,MYF0001014,Filler 1014,false
1000,FIL1015,FIL1015,MYSUP0000001,INV,2026-06-17,2026-06-17,CLEARED,uuid-FIL1015,MYR,3937.50,315.00,4252.50,SST-S,MYF0001015,Filler 1015,false
1000,FIL1016,FIL1016,MYSUP0000001,INV,2026-06-18,2026-06-18,CLEARED,uuid-FIL1016,MYR,3950.00,316.00,4266.00,SST-S,MYF0001016,Filler 1016,false
1000,FIL1017,FIL1017,MYSUP0000001,INV,2026-06-19,2026-06-19,CLEARED,uuid-FIL1017,MYR,3962.50,317.00,4279.50,SST-S,MYF0001017,Filler 1017,false
1000,FIL1018,FIL1018,MYSUP0000001,INV,2026-06-20,2026-06-20,CLEARED,uuid-FIL1018,MYR,3975.00,318.00,4293.00,SST-S,MYF0001018,Filler 1018,false
1000,FIL1019,FIL1019,MYSUP0000001,INV,2026-06-21,2026-06-21,CLEARED,uuid-FIL1019,MYR,3987.50,319.00,4306.50,SST-S,MYF0001019,Filler 1019,false
1000,FIL1020,FIL1020,MYSUP0000001,INV,2026-06-22,2026-06-22,CLEARED,uuid-FIL1020,MYR,4000.00,320.00,4320.00,SST-S,MYF0001020,Filler 1020,false
1000,FIL1021,FIL1021,MYSUP0000001,INV,2026-06-23,2026-06-23,CLEARED,uuid-FIL1021,MYR,4012.50,321.00,4333.50,SST-S,MYF0001021,Filler 1021,false
1000,FIL1022,FIL1022,MYSUP0000001,INV,2026-06-24,2026-06-24,CLEARED,uuid-FIL1022,MYR,4025.00,322.00,4347.00,SST-S,MYF0001022,Filler 1022,false
1000,FIL1023,FIL1023,MYSUP0000001,INV,2026-06-25,2026-06-25,CLEARED,uuid-FIL1023,MYR,4037.50,323.00,4360.50,SST-S,MYF0001023,Filler 1023,false
1000,FIL1024,FIL1024,MYSUP0000001,INV,2026-06-26,2026-06-26,CLEARED,uuid-FIL1024,MYR,4050.00,324.00,4374.00,SST-S,MYF0001024,Filler 1024,false
1000,FIL1025,FIL1025,MYSUP0000001,INV,2026-06-27,2026-06-27,CLEARED,uuid-FIL1025,MYR,4062.50,325.00,4387.50,SST-S,MYF0001025,Filler 1025,false
1000,FIL1026,FIL1026,MYSUP0000001,INV,2026-06-01,2026-06-01,CLEARED,uuid-FIL1026,MYR,4075.00,326.00,4401.00,SST-S,MYF0001026,Filler 1026,false
1000,FIL1027,FIL1027,MYSUP0000001,INV,2026-06-02,2026-06-02,CLEARED,uuid-FIL1027,MYR,4087.50,327.00,4414.50,SST-S,MYF0001027,Filler 1027,false
1000,FIL1028,FIL1028,MYSUP0000001,INV,2026-06-03,2026-06-03,CLEARED,uuid-FIL1028,MYR,4100.00,328.00,4428.00,SST-S,MYF0001028,Filler 1028,false
1000,FIL1029,FIL1029,MYSUP0000001,INV,2026-06-04,2026-06-04,CLEARED,uuid-FIL1029,MYR,4112.50,329.00,4441.50,SST-S,MYF0001029,Filler 1029,false
1000,FIL1030,FIL1030,MYSUP0000001,INV,2026-06-05,2026-06-05,CLEARED,uuid-FIL1030,MYR,4125.00,330.00,4455.00,SST-S,MYF0001030,Filler 1030,false
1000,FIL1031,FIL1031,MYSUP0000001,INV,2026-06-06,2026-06-06,CLEARED,uuid-FIL1031,MYR,4137.50,331.00,4468.50,SST-S,MYF0001031,Filler 1031,false
1000,FIL1032,FIL1032,MYSUP0000001,INV,2026-06-07,2026-06-07,CLEARED,uuid-FIL1032,MYR,4150.00,332.00,4482.00,SST-S,MYF0001032,Filler 1032,false
1000,FIL1033,FIL1033,MYSUP0000001,INV,2026-06-08,2026-06-08,CLEARED,uuid-FIL1033,MYR,4162.50,333.00,4495.50,SST-S,MYF0001033,Filler 1033,false
1000,FIL1034,FIL1034,MYSUP0000001,INV,2026-06-09,2026-06-09,CLEARED,uuid-FIL1034,MYR,4175.00,334.00,4509.00,SST-S,MYF0001034,Filler 1034,false
1000,FIL1035,FIL1035,MYSUP0000001,INV,2026-06-10,2026-06-10,CLEARED,uuid-FIL1035,MYR,4187.50,335.00,4522.50,SST-S,MYF0001035,Filler 1035,false
1000,FIL1036,FIL1036,MYSUP0000001,INV,2026-06-11,2026-06-11,CLEARED,uuid-FIL1036,MYR,4200.00,336.00,4536.00,SST-S,MYF0001036,Filler 1036,false
1000,FIL1037,FIL1037,MYSUP0000001,INV,2026-06-12,2026-06-12,CLEARED,uuid-FIL1037,MYR,4212.50,337.00,4549.50,SST-S,MYF0001037,Filler 1037,false
1000,FIL1038,FIL1038,MYSUP0000001,INV,2026-06-13,2026-06-13,CLEARED,uuid-FIL1038,MYR,4225.00,338.00,4563.00,SST-S,MYF0001038,Filler 1038,false
1000,FIL1039,FIL1039,MYSUP0000001,INV,2026-06-14,2026-06-14,CLEARED,uuid-FIL1039,MYR,4237.50,339.00,4576.50,SST-S,MYF0001039,Filler 1039,false
1000,FIL1040,FIL1040,MYSUP0000001,INV,2026-06-15,2026-06-15,CLEARED,uuid-FIL1040,MYR,4250.00,340.00,4590.00,SST-S,MYF0001040,Filler 1040,false
1000,FIL1041,FIL1041,MYSUP0000001,INV,2026-06-16,2026-06-16,CLEARED,uuid-FIL1041,MYR,4262.50,341.00,4603.50,SST-S,MYF0001041,Filler 1041,false
1000,FIL1042,FIL1042,MYSUP0000001,INV,2026-06-17,2026-06-17,CLEARED,uuid-FIL1042,MYR,4275.00,342.00,4617.00,SST-S,MYF0001042,Filler 1042,false
1000,FIL1043,FIL1043,MYSUP0000001,INV,2026-06-18,2026-06-18,CLEARED,uuid-FIL1043,MYR,4287.50,343.00,4630.50,SST-S,MYF0001043,Filler 1043,false
1000,FIL1044,FIL1044,MYSUP0000001,INV,2026-06-19,2026-06-19,CLEARED,uuid-FIL1044,MYR,4300.00,344.00,4644.00,SST-S,MYF0001044,Filler 1044,false
1000,FIL1045,FIL1045,MYSUP0000001,INV,2026-06-20,2026-06-20,CLEARED,uuid-FIL1045,MYR,4312.50,345.00,4657.50,SST-S,MYF0001045,Filler 1045,false
1000,FIL1046,FIL1046,MYSUP0000001,INV,2026-06-21,2026-06-21,CLEARED,uuid-FIL1046,MYR,4325.00,346.00,4671.00,SST-S,MYF0001046,Filler 1046,false
1000,FIL1047,FIL1047,MYSUP0000001,INV,2026-06-22,2026-06-22,CLEARED,uuid-FIL1047,MYR,4337.50,347.00,4684.50,SST-S,MYF0001047,Filler 1047,false
1000,FIL1048,FIL1048,MYSUP0000001,INV,2026-06-23,2026-06-23,CLEARED,uuid-FIL1048,MYR,4350.00,348.00,4698.00,SST-S,MYF0001048,Filler 1048,false
1000,FIL1049,FIL1049,MYSUP0000001,INV,2026-06-24,2026-06-24,CLEARED,uuid-FIL1049,MYR,4362.50,349.00,4711.50,SST-S,MYF0001049,Filler 1049,false
1000,FIL1050,FIL1050,MYSUP0000001,INV,2026-06-25,2026-06-25,CLEARED,uuid-FIL1050,MYR,4375.00,350.00,4725.00,SST-S,MYF0001050,Filler 1050,false
1000,FIL1051,FIL1051,MYSUP0000001,INV,2026-06-26,2026-06-26,CLEARED,uuid-FIL1051,MYR,4387.50,351.00,4738.50,SST-S,MYF0001051,Filler 1051,false
1000,FIL1052,FIL1052,MYSUP0000001,INV,2026-06-27,2026-06-27,CLEARED,uuid-FIL1052,MYR,4400.00,352.00,4752.00,SST-S,MYF0001052,Filler 1052,false
1000,FIL1053,FIL1053,MYSUP0000001,INV,2026-06-01,2026-06-01,CLEARED,uuid-FIL1053,MYR,4412.50,353.00,4765.50,SST-S,MYF0001053,Filler 1053,false
1000,FIL1054,FIL1054,MYSUP0000001,INV,2026-06-02,2026-06-02,CLEARED,uuid-FIL1054,MYR,4425.00,354.00,4779.00,SST-S,MYF0001054,Filler 1054,false
1000,FIL1055,FIL1055,MYSUP0000001,INV,2026-06-03,2026-06-03,CLEARED,uuid-FIL1055,MYR,4437.50,355.00,4792.50,SST-S,MYF0001055,Filler 1055,false
1000,FIL1056,FIL1056,MYSUP0000001,INV,2026-06-04,2026-06-04,CLEARED,uuid-FIL1056,MYR,4450.00,356.00,4806.00,SST-S,MYF0001056,Filler 1056,false
1000,FIL1057,FIL1057,MYSUP0000001,INV,2026-06-05,2026-06-05,CLEARED,uuid-FIL1057,MYR,4462.50,357.00,4819.50,SST-S,MYF0001057,Filler 1057,false
1000,FIL1058,FIL1058,MYSUP0000001,INV,2026-06-06,2026-06-06,CLEARED,uuid-FIL1058,MYR,4475.00,358.00,4833.00,SST-S,MYF0001058,Filler 1058,false
1000,FIL1059,FIL1059,MYSUP0000001,INV,2026-06-07,2026-06-07,CLEARED,uuid-FIL1059,MYR,4487.50,359.00,4846.50,SST-S,MYF0001059,Filler 1059,false
1000,FIL1060,FIL1060,MYSUP0000001,INV,2026-06-08,2026-06-08,CLEARED,uuid-FIL1060,MYR,4500.00,360.00,4860.00,SST-S,MYF0001060,Filler 1060,false
1000,FIL1061,FIL1061,MYSUP0000001,INV,2026-06-09,2026-06-09,CLEARED,uuid-FIL1061,MYR,4512.50,361.00,4873.50,SST-S,MYF0001061,Filler 1061,false
1000,FIL1062,FIL1062,MYSUP0000001,INV,2026-06-10,2026-06-10,CLEARED,uuid-FIL1062,MYR,4525.00,362.00,4887.00,SST-S,MYF0001062,Filler 1062,false
1000,FIL1063,FIL1063,MYSUP0000001,INV,2026-06-11,2026-06-11,CLEARED,uuid-FIL1063,MYR,4537.50,363.00,4900.50,SST-S,MYF0001063,Filler 1063,false
1000,FIL1064,FIL1064,MYSUP0000001,INV,2026-06-12,2026-06-12,CLEARED,uuid-FIL1064,MYR,4550.00,364.00,4914.00,SST-S,MYF0001064,Filler 1064,false
1000,FIL1065,FIL1065,MYSUP0000001,INV,2026-06-13,2026-06-13,CLEARED,uuid-FIL1065,MYR,4562.50,365.00,4927.50,SST-S,MYF0001065,Filler 1065,false
1000,FIL1066,FIL1066,MYSUP0000001,INV,2026-06-14,2026-06-14,CLEARED,uuid-FIL1066,MYR,4575.00,366.00,4941.00,SST-S,MYF0001066,Filler 1066,false
1000,FIL1067,FIL1067,MYSUP0000001,INV,2026-06-15,2026-06-15,CLEARED,uuid-FIL1067,MYR,4587.50,367.00,4954.50,SST-S,MYF0001067,Filler 1067,false
1000,FIL1068,FIL1068,MYSUP0000001,INV,2026-06-16,2026-06-16,CLEARED,uuid-FIL1068,MYR,4600.00,368.00,4968.00,SST-S,MYF0001068,Filler 1068,false
1000,FIL1069,FIL1069,MYSUP0000001,INV,2026-06-17,2026-06-17,CLEARED,uuid-FIL1069,MYR,4612.50,369.00,4981.50,SST-S,MYF0001069,Filler 1069,false
1000,FIL1070,FIL1070,MYSUP0000001,INV,2026-06-18,2026-06-18,CLEARED,uuid-FIL1070,MYR,4625.00,370.00,4995.00,SST-S,MYF0001070,Filler 1070,false
1000,FIL1071,FIL1071,MYSUP0000001,INV,2026-06-19,2026-06-19,CLEARED,uuid-FIL1071,MYR,4637.50,371.00,5008.50,SST-S,MYF0001071,Filler 1071,false
1000,FIL1072,FIL1072,MYSUP0000001,INV,2026-06-20,2026-06-20,CLEARED,uuid-FIL1072,MYR,4650.00,372.00,5022.00,SST-S,MYF0001072,Filler 1072,false
1000,FIL1073,FIL1073,MYSUP0000001,INV,2026-06-21,2026-06-21,CLEARED,uuid-FIL1073,MYR,4662.50,373.00,5035.50,SST-S,MYF0001073,Filler 1073,false
1000,FIL1074,FIL1074,MYSUP0000001,INV,2026-06-22,2026-06-22,CLEARED,uuid-FIL1074,MYR,4675.00,374.00,5049.00,SST-S,MYF0001074,Filler 1074,false
1000,FIL1075,FIL1075,MYSUP0000001,INV,2026-06-23,2026-06-23,CLEARED,uuid-FIL1075,MYR,4687.50,375.00,5062.50,SST-S,MYF0001075,Filler 1075,false
1000,FIL1076,FIL1076,MYSUP0000001,INV,2026-06-24,2026-06-24,CLEARED,uuid-FIL1076,MYR,4700.00,376.00,5076.00,SST-S,MYF0001076,Filler 1076,false
1000,FIL1077,FIL1077,MYSUP0000001,INV,2026-06-25,2026-06-25,CLEARED,uuid-FIL1077,MYR,4712.50,377.00,5089.50,SST-S,MYF0001077,Filler 1077,false
1000,FIL1078,FIL1078,MYSUP0000001,INV,2026-06-26,2026-06-26,CLEARED,uuid-FIL1078,MYR,4725.00,378.00,5103.00,SST-S,MYF0001078,Filler 1078,false
1000,FIL1079,FIL1079,MYSUP0000001,INV,2026-06-27,2026-06-27,CLEARED,uuid-FIL1079,MYR,4737.50,379.00,5116.50,SST-S,MYF0001079,Filler 1079,false
1000,FIL1080,FIL1080,MYSUP0000001,INV,2026-06-01,2026-06-01,CLEARED,uuid-FIL1080,MYR,4750.00,380.00,5130.00,SST-S,MYF0001080,Filler 1080,false
1000,FIL1081,FIL1081,MYSUP0000001,INV,2026-06-02,2026-06-02,CLEARED,uuid-FIL1081,MYR,4762.50,381.00,5143.50,SST-S,MYF0001081,Filler 1081,false
1000,FIL1082,FIL1082,MYSUP0000001,INV,2026-06-03,2026-06-03,CLEARED,uuid-FIL1082,MYR,4775.00,382.00,5157.00,SST-S,MYF0001082,Filler 1082,false
1000,FIL1083,FIL1083,MYSUP0000001,INV,2026-06-04,2026-06-04,CLEARED,uuid-FIL1083,MYR,4787.50,383.00,5170.50,SST-S,MYF0001083,Filler 1083,false
1000,FIL1084,FIL1084,MYSUP0000001,INV,2026-06-05,2026-06-05,CLEARED,uuid-FIL1084,MYR,4800.00,384.00,5184.00,SST-S,MYF0001084,Filler 1084,false
1000,FIL1085,FIL1085,MYSUP0000001,INV,2026-06-06,2026-06-06,CLEARED,uuid-FIL1085,MYR,4812.50,385.00,5197.50,SST-S,MYF0001085,Filler 1085,false
1000,FIL1086,FIL1086,MYSUP0000001,INV,2026-06-07,2026-06-07,CLEARED,uuid-FIL1086,MYR,4825.00,386.00,5211.00,SST-S,MYF0001086,Filler 1086,false
1000,FIL1087,FIL1087,MYSUP0000001,INV,2026-06-08,2026-06-08,CLEARED,uuid-FIL1087,MYR,4837.50,387.00,5224.50,SST-S,MYF0001087,Filler 1087,false
1000,FIL1088,FIL1088,MYSUP0000001,INV,2026-06-09,2026-06-09,CLEARED,uuid-FIL1088,MYR,4850.00,388.00,5238.00,SST-S,MYF0001088,Filler 1088,false
1000,FIL1089,FIL1089,MYSUP0000001,INV,2026-06-10,2026-06-10,CLEARED,uuid-FIL1089,MYR,4862.50,389.00,5251.50,SST-S,MYF0001089,Filler 1089,false
1000,FIL1090,FIL1090,MYSUP0000001,INV,2026-06-11,2026-06-11,CLEARED,uuid-FIL1090,MYR,4875.00,390.00,5265.00,SST-S,MYF0001090,Filler 1090,false
1000,FIL1091,FIL1091,MYSUP0000001,INV,2026-06-12,2026-06-12,CLEARED,uuid-FIL1091,MYR,4887.50,391.00,5278.50,SST-S,MYF0001091,Filler 1091,false
1000,FIL1092,FIL1092,MYSUP0000001,INV,2026-06-13,2026-06-13,CLEARED,uuid-FIL1092,MYR,4900.00,392.00,5292.00,SST-S,MYF0001092,Filler 1092,false
1000,FIL1093,FIL1093,MYSUP0000001,INV,2026-06-14,2026-06-14,CLEARED,uuid-FIL1093,MYR,4912.50,393.00,5305.50,SST-S,MYF0001093,Filler 1093,false
1000,FIL1094,FIL1094,MYSUP0000001,INV,2026-06-15,2026-06-15,CLEARED,uuid-FIL1094,MYR,4925.00,394.00,5319.00,SST-S,MYF0001094,Filler 1094,false
1000,FIL1095,FIL1095,MYSUP0000001,INV,2026-06-16,2026-06-16,CLEARED,uuid-FIL1095,MYR,4937.50,395.00,5332.50,SST-S,MYF0001095,Filler 1095,false
1000,FIL1096,FIL1096,MYSUP0000001,INV,2026-06-17,2026-06-17,CLEARED,uuid-FIL1096,MYR,4950.00,396.00,5346.00,SST-S,MYF0001096,Filler 1096,false
1000,FIL1097,FIL1097,MYSUP0000001,INV,2026-06-18,2026-06-18,CLEARED,uuid-FIL1097,MYR,4962.50,397.00,5359.50,SST-S,MYF0001097,Filler 1097,false
1000,FIL1098,FIL1098,MYSUP0000001,INV,2026-06-19,2026-06-19,CLEARED,uuid-FIL1098,MYR,4975.00,398.00,5373.00,SST-S,MYF0001098,Filler 1098,false
1000,FIL1099,FIL1099,MYSUP0000001,INV,2026-06-20,2026-06-20,CLEARED,uuid-FIL1099,MYR,4987.50,399.00,5386.50,SST-S,MYF0001099,Filler 1099,false
1000,FIL1100,FIL1100,MYSUP0000001,INV,2026-06-21,2026-06-21,CLEARED,uuid-FIL1100,MYR,5000.00,400.00,5400.00,SST-S,MYF0001100,Filler 1100,false
1000,FIL1101,FIL1101,MYSUP0000001,INV,2026-06-22,2026-06-22,CLEARED,uuid-FIL1101,MYR,5012.50,401.00,5413.50,SST-S,MYF0001101,Filler 1101,false
1000,FIL1102,FIL1102,MYSUP0000001,INV,2026-06-23,2026-06-23,CLEARED,uuid-FIL1102,MYR,5025.00,402.00,5427.00,SST-S,MYF0001102,Filler 1102,false
1000,FIL1103,FIL1103,MYSUP0000001,INV,2026-06-24,2026-06-24,CLEARED,uuid-FIL1103,MYR,5037.50,403.00,5440.50,SST-S,MYF0001103,Filler 1103,false
1000,FIL1104,FIL1104,MYSUP0000001,INV,2026-06-25,2026-06-25,CLEARED,uuid-FIL1104,MYR,5050.00,404.00,5454.00,SST-S,MYF0001104,Filler 1104,false
1000,FIL1105,FIL1105,MYSUP0000001,INV,2026-06-26,2026-06-26,CLEARED,uuid-FIL1105,MYR,5062.50,405.00,5467.50,SST-S,MYF0001105,Filler 1105,false
1000,FIL1106,FIL1106,MYSUP0000001,INV,2026-06-27,2026-06-27,CLEARED,uuid-FIL1106,MYR,5075.00,406.00,5481.00,SST-S,MYF0001106,Filler 1106,false
1000,FIL1107,FIL1107,MYSUP0000001,INV,2026-06-01,2026-06-01,CLEARED,uuid-FIL1107,MYR,5087.50,407.00,5494.50,SST-S,MYF0001107,Filler 1107,false
1000,FIL1108,FIL1108,MYSUP0000001,INV,2026-06-02,2026-06-02,CLEARED,uuid-FIL1108,MYR,5100.00,408.00,5508.00,SST-S,MYF0001108,Filler 1108,false
1000,FIL1109,FIL1109,MYSUP0000001,INV,2026-06-03,2026-06-03,CLEARED,uuid-FIL1109,MYR,5112.50,409.00,5521.50,SST-S,MYF0001109,Filler 1109,false
1000,FIL1110,FIL1110,MYSUP0000001,INV,2026-06-04,2026-06-04,CLEARED,uuid-FIL1110,MYR,5125.00,410.00,5535.00,SST-S,MYF0001110,Filler 1110,false
1000,FIL1111,FIL1111,MYSUP0000001,INV,2026-06-05,2026-06-05,CLEARED,uuid-FIL1111,MYR,5137.50,411.00,5548.50,SST-S,MYF0001111,Filler 1111,false
1000,FIL1112,FIL1112,MYSUP0000001,INV,2026-06-06,2026-06-06,CLEARED,uuid-FIL1112,MYR,5150.00,412.00,5562.00,SST-S,MYF0001112,Filler 1112,false
1000,FIL1113,FIL1113,MYSUP0000001,INV,2026-06-07,2026-06-07,CLEARED,uuid-FIL1113,MYR,5162.50,413.00,5575.50,SST-S,MYF0001113,Filler 1113,false
1000,FIL1114,FIL1114,MYSUP0000001,INV,2026-06-08,2026-06-08,CLEARED,uuid-FIL1114,MYR,5175.00,414.00,5589.00,SST-S,MYF0001114,Filler 1114,false
1000,FIL1115,FIL1115,MYSUP0000001,INV,2026-06-09,2026-06-09,CLEARED,uuid-FIL1115,MYR,5187.50,415.00,5602.50,SST-S,MYF0001115,Filler 1115,false
1000,FIL1116,FIL1116,MYSUP0000001,INV,2026-06-10,2026-06-10,CLEARED,uuid-FIL1116,MYR,5200.00,416.00,5616.00,SST-S,MYF0001116,Filler 1116,false
1000,FIL1117,FIL1117,MYSUP0000001,INV,2026-06-11,2026-06-11,CLEARED,uuid-FIL1117,MYR,5212.50,417.00,5629.50,SST-S,MYF0001117,Filler 1117,false
1000,FIL1118,FIL1118,MYSUP0000001,INV,2026-06-12,2026-06-12,CLEARED,uuid-FIL1118,MYR,5225.00,418.00,5643.00,SST-S,MYF0001118,Filler 1118,false
1000,FIL1119,FIL1119,MYSUP0000001,INV,2026-06-13,2026-06-13,CLEARED,uuid-FIL1119,MYR,5237.50,419.00,5656.50,SST-S,MYF0001119,Filler 1119,false
1000,FIL1120,FIL1120,MYSUP0000001,INV,2026-06-14,2026-06-14,CLEARED,uuid-FIL1120,MYR,5250.00,420.00,5670.00,SST-S,MYF0001120,Filler 1120,false
1000,FIL1121,FIL1121,MYSUP0000001,INV,2026-06-15,2026-06-15,CLEARED,uuid-FIL1121,MYR,5262.50,421.00,5683.50,SST-S,MYF0001121,Filler 1121,false
1000,FIL1122,FIL1122,MYSUP0000001,INV,2026-06-16,2026-06-16,CLEARED,uuid-FIL1122,MYR,5275.00,422.00,5697.00,SST-S,MYF0001122,Filler 1122,false
1000,FIL1123,FIL1123,MYSUP0000001,INV,2026-06-17,2026-06-17,CLEARED,uuid-FIL1123,MYR,5287.50,423.00,5710.50,SST-S,MYF0001123,Filler 1123,false
1000,FIL1124,FIL1124,MYSUP0000001,INV,2026-06-18,2026-06-18,CLEARED,uuid-FIL1124,MYR,5300.00,424.00,5724.00,SST-S,MYF0001124,Filler 1124,false
1000,FIL1125,FIL1125,MYSUP0000001,INV,2026-06-19,2026-06-19,CLEARED,uuid-FIL1125,MYR,5312.50,425.00,5737.50,SST-S,MYF0001125,Filler 1125,false
1000,FIL1126,FIL1126,MYSUP0000001,INV,2026-06-20,2026-06-20,CLEARED,uuid-FIL1126,MYR,5325.00,426.00,5751.00,SST-S,MYF0001126,Filler 1126,false
1000,FIL1127,FIL1127,MYSUP0000001,INV,2026-06-21,2026-06-21,CLEARED,uuid-FIL1127,MYR,5337.50,427.00,5764.50,SST-S,MYF0001127,Filler 1127,false
1000,FIL1128,FIL1128,MYSUP0000001,INV,2026-06-22,2026-06-22,CLEARED,uuid-FIL1128,MYR,5350.00,428.00,5778.00,SST-S,MYF0001128,Filler 1128,false
1000,FIL1129,FIL1129,MYSUP0000001,INV,2026-06-23,2026-06-23,CLEARED,uuid-FIL1129,MYR,5362.50,429.00,5791.50,SST-S,MYF0001129,Filler 1129,false
1000,FIL1130,FIL1130,MYSUP0000001,INV,2026-06-24,2026-06-24,CLEARED,uuid-FIL1130,MYR,5375.00,430.00,5805.00,SST-S,MYF0001130,Filler 1130,false
1000,FIL1131,FIL1131,MYSUP0000001,INV,2026-06-25,2026-06-25,CLEARED,uuid-FIL1131,MYR,5387.50,431.00,5818.50,SST-S,MYF0001131,Filler 1131,false
1000,FIL1132,FIL1132,MYSUP0000001,INV,2026-06-26,2026-06-26,CLEARED,uuid-FIL1132,MYR,5400.00,432.00,5832.00,SST-S,MYF0001132,Filler 1132,false
1000,FIL1133,FIL1133,MYSUP0000001,INV,2026-06-27,2026-06-27,CLEARED,uuid-FIL1133,MYR,5412.50,433.00,5845.50,SST-S,MYF0001133,Filler 1133,false
1000,FIL1134,FIL1134,MYSUP0000001,INV,2026-06-01,2026-06-01,CLEARED,uuid-FIL1134,MYR,5425.00,434.00,5859.00,SST-S,MYF0001134,Filler 1134,false
1000,FIL1135,FIL1135,MYSUP0000001,INV,2026-06-02,2026-06-02,CLEARED,uuid-FIL1135,MYR,5437.50,435.00,5872.50,SST-S,MYF0001135,Filler 1135,false
1000,FIL1136,FIL1136,MYSUP0000001,INV,2026-06-03,2026-06-03,CLEARED,uuid-FIL1136,MYR,5450.00,436.00,5886.00,SST-S,MYF0001136,Filler 1136,false
1000,FIL1137,FIL1137,MYSUP0000001,INV,2026-06-04,2026-06-04,CLEARED,uuid-FIL1137,MYR,5462.50,437.00,5899.50,SST-S,MYF0001137,Filler 1137,false
1000,FIL1138,FIL1138,MYSUP0000001,INV,2026-06-05,2026-06-05,CLEARED,uuid-FIL1138,MYR,5475.00,438.00,5913.00,SST-S,MYF0001138,Filler 1138,false
1000,FIL1139,FIL1139,MYSUP0000001,INV,2026-06-06,2026-06-06,CLEARED,uuid-FIL1139,MYR,5487.50,439.00,5926.50,SST-S,MYF0001139,Filler 1139,false
1000,FIL1140,FIL1140,MYSUP0000001,INV,2026-06-07,2026-06-07,CLEARED,uuid-FIL1140,MYR,5500.00,440.00,5940.00,SST-S,MYF0001140,Filler 1140,false
1000,FIL1141,FIL1141,MYSUP0000001,INV,2026-06-08,2026-06-08,CLEARED,uuid-FIL1141,MYR,5512.50,441.00,5953.50,SST-S,MYF0001141,Filler 1141,false
1000,FIL1142,FIL1142,MYSUP0000001,INV,2026-06-09,2026-06-09,CLEARED,uuid-FIL1142,MYR,5525.00,442.00,5967.00,SST-S,MYF0001142,Filler 1142,false
1000,FIL1143,FIL1143,MYSUP0000001,INV,2026-06-10,2026-06-10,CLEARED,uuid-FIL1143,MYR,5537.50,443.00,5980.50,SST-S,MYF0001143,Filler 1143,false
1000,FIL1144,FIL1144,MYSUP0000001,INV,2026-06-11,2026-06-11,CLEARED,uuid-FIL1144,MYR,5550.00,444.00,5994.00,SST-S,MYF0001144,Filler 1144,false
1000,FIL1145,FIL1145,MYSUP0000001,INV,2026-06-12,2026-06-12,CLEARED,uuid-FIL1145,MYR,5562.50,445.00,6007.50,SST-S,MYF0001145,Filler 1145,false
1000,FIL1146,FIL1146,MYSUP0000001,INV,2026-06-13,2026-06-13,CLEARED,uuid-FIL1146,MYR,5575.00,446.00,6021.00,SST-S,MYF0001146,Filler 1146,false
1000,FIL1147,FIL1147,MYSUP0000001,INV,2026-06-14,2026-06-14,CLEARED,uuid-FIL1147,MYR,5587.50,447.00,6034.50,SST-S,MYF0001147,Filler 1147,false
1000,FIL1148,FIL1148,MYSUP0000001,INV,2026-06-15,2026-06-15,CLEARED,uuid-FIL1148,MYR,5600.00,448.00,6048.00,SST-S,MYF0001148,Filler 1148,false
1000,FIL1149,FIL1149,MYSUP0000001,INV,2026-06-16,2026-06-16,CLEARED,uuid-FIL1149,MYR,5612.50,449.00,6061.50,SST-S,MYF0001149,Filler 1149,false
1000,FIL1150,FIL1150,MYSUP0000001,INV,2026-06-17,2026-06-17,CLEARED,uuid-FIL1150,MYR,5625.00,450.00,6075.00,SST-S,MYF0001150,Filler 1150,false
1000,FIL1151,FIL1151,MYSUP0000001,INV,2026-06-18,2026-06-18,CLEARED,uuid-FIL1151,MYR,5637.50,451.00,6088.50,SST-S,MYF0001151,Filler 1151,false
1000,FIL1152,FIL1152,MYSUP0000001,INV,2026-06-19,2026-06-19,CLEARED,uuid-FIL1152,MYR,5650.00,452.00,6102.00,SST-S,MYF0001152,Filler 1152,false
1000,FIL1153,FIL1153,MYSUP0000001,INV,2026-06-20,2026-06-20,CLEARED,uuid-FIL1153,MYR,5662.50,453.00,6115.50,SST-S,MYF0001153,Filler 1153,false
1000,FIL1154,FIL1154,MYSUP0000001,INV,2026-06-21,2026-06-21,CLEARED,uuid-FIL1154,MYR,5675.00,454.00,6129.00,SST-S,MYF0001154,Filler 1154,false
1000,FIL1155,FIL1155,MYSUP0000001,INV,2026-06-22,2026-06-22,CLEARED,uuid-FIL1155,MYR,5687.50,455.00,6142.50,SST-S,MYF0001155,Filler 1155,false
1000,FIL1156,FIL1156,MYSUP0000001,INV,2026-06-23,2026-06-23,CLEARED,uuid-FIL1156,MYR,5700.00,456.00,6156.00,SST-S,MYF0001156,Filler 1156,false
1000,FIL1157,FIL1157,MYSUP0000001,INV,2026-06-24,2026-06-24,CLEARED,uuid-FIL1157,MYR,5712.50,457.00,6169.50,SST-S,MYF0001157,Filler 1157,false
1000,FIL1158,FIL1158,MYSUP0000001,INV,2026-06-25,2026-06-25,CLEARED,uuid-FIL1158,MYR,5725.00,458.00,6183.00,SST-S,MYF0001158,Filler 1158,false
1000,FIL1159,FIL1159,MYSUP0000001,INV,2026-06-26,2026-06-26,CLEARED,uuid-FIL1159,MYR,5737.50,459.00,6196.50,SST-S,MYF0001159,Filler 1159,false
1000,FIL1160,FIL1160,MYSUP0000001,INV,2026-06-27,2026-06-27,CLEARED,uuid-FIL1160,MYR,5750.00,460.00,6210.00,SST-S,MYF0001160,Filler 1160,false
1000,FIL1161,FIL1161,MYSUP0000001,INV,2026-06-01,2026-06-01,CLEARED,uuid-FIL1161,MYR,5762.50,461.00,6223.50,SST-S,MYF0001161,Filler 1161,false
1000,FIL1162,FIL1162,MYSUP0000001,INV,2026-06-02,2026-06-02,CLEARED,uuid-FIL1162,MYR,5775.00,462.00,6237.00,SST-S,MYF0001162,Filler 1162,false
1000,FIL1163,FIL1163,MYSUP0000001,INV,2026-06-03,2026-06-03,CLEARED,uuid-FIL1163,MYR,5787.50,463.00,6250.50,SST-S,MYF0001163,Filler 1163,false
1000,FIL1164,FIL1164,MYSUP0000001,INV,2026-06-04,2026-06-04,CLEARED,uuid-FIL1164,MYR,5800.00,464.00,6264.00,SST-S,MYF0001164,Filler 1164,false
1000,FIL1165,FIL1165,MYSUP0000001,INV,2026-06-05,2026-06-05,CLEARED,uuid-FIL1165,MYR,5812.50,465.00,6277.50,SST-S,MYF0001165,Filler 1165,false
1000,FIL1166,FIL1166,MYSUP0000001,INV,2026-06-06,2026-06-06,CLEARED,uuid-FIL1166,MYR,5825.00,466.00,6291.00,SST-S,MYF0001166,Filler 1166,false
1000,FIL1167,FIL1167,MYSUP0000001,INV,2026-06-07,2026-06-07,CLEARED,uuid-FIL1167,MYR,5837.50,467.00,6304.50,SST-S,MYF0001167,Filler 1167,false
1000,FIL1168,FIL1168,MYSUP0000001,INV,2026-06-08,2026-06-08,CLEARED,uuid-FIL1168,MYR,5850.00,468.00,6318.00,SST-S,MYF0001168,Filler 1168,false
1000,FIL1169,FIL1169,MYSUP0000001,INV,2026-06-09,2026-06-09,CLEARED,uuid-FIL1169,MYR,5862.50,469.00,6331.50,SST-S,MYF0001169,Filler 1169,false
1000,FIL1170,FIL1170,MYSUP0000001,INV,2026-06-10,2026-06-10,CLEARED,uuid-FIL1170,MYR,5875.00,470.00,6345.00,SST-S,MYF0001170,Filler 1170,false
1000,FIL1171,FIL1171,MYSUP0000001,INV,2026-06-11,2026-06-11,CLEARED,uuid-FIL1171,MYR,5887.50,471.00,6358.50,SST-S,MYF0001171,Filler 1171,false
1000,FIL1172,FIL1172,MYSUP0000001,INV,2026-06-12,2026-06-12,CLEARED,uuid-FIL1172,MYR,5900.00,472.00,6372.00,SST-S,MYF0001172,Filler 1172,false
1000,FIL1173,FIL1173,MYSUP0000001,INV,2026-06-13,2026-06-13,CLEARED,uuid-FIL1173,MYR,5912.50,473.00,6385.50,SST-S,MYF0001173,Filler 1173,false
1000,FIL1174,FIL1174,MYSUP0000001,INV,2026-06-14,2026-06-14,CLEARED,uuid-FIL1174,MYR,5925.00,474.00,6399.00,SST-S,MYF0001174,Filler 1174,false
1000,FIL1175,FIL1175,MYSUP0000001,INV,2026-06-15,2026-06-15,CLEARED,uuid-FIL1175,MYR,5937.50,475.00,6412.50,SST-S,MYF0001175,Filler 1175,false
1000,FIL1176,FIL1176,MYSUP0000001,INV,2026-06-16,2026-06-16,CLEARED,uuid-FIL1176,MYR,5950.00,476.00,6426.00,SST-S,MYF0001176,Filler 1176,false
1000,FIL1177,FIL1177,MYSUP0000001,INV,2026-06-17,2026-06-17,CLEARED,uuid-FIL1177,MYR,5962.50,477.00,6439.50,SST-S,MYF0001177,Filler 1177,false
1000,FIL1178,FIL1178,MYSUP0000001,INV,2026-06-18,2026-06-18,CLEARED,uuid-FIL1178,MYR,5975.00,478.00,6453.00,SST-S,MYF0001178,Filler 1178,false
1000,FIL1179,FIL1179,MYSUP0000001,INV,2026-06-19,2026-06-19,CLEARED,uuid-FIL1179,MYR,5987.50,479.00,6466.50,SST-S,MYF0001179,Filler 1179,false
1000,FIL1180,FIL1180,MYSUP0000001,INV,2026-06-20,2026-06-20,CLEARED,uuid-FIL1180,MYR,6000.00,480.00,6480.00,SST-S,MYF0001180,Filler 1180,false
1000,FIL1181,FIL1181,MYSUP0000001,INV,2026-06-21,2026-06-21,CLEARED,uuid-FIL1181,MYR,6012.50,481.00,6493.50,SST-S,MYF0001181,Filler 1181,false
1000,FIL1182,FIL1182,MYSUP0000001,INV,2026-06-22,2026-06-22,CLEARED,uuid-FIL1182,MYR,6025.00,482.00,6507.00,SST-S,MYF0001182,Filler 1182,false
1000,FIL1183,FIL1183,MYSUP0000001,INV,2026-06-23,2026-06-23,CLEARED,uuid-FIL1183,MYR,6037.50,483.00,6520.50,SST-S,MYF0001183,Filler 1183,false
1000,FIL1184,FIL1184,MYSUP0000001,INV,2026-06-24,2026-06-24,CLEARED,uuid-FIL1184,MYR,6050.00,484.00,6534.00,SST-S,MYF0001184,Filler 1184,false
1000,FIL1185,FIL1185,MYSUP0000001,INV,2026-06-25,2026-06-25,CLEARED,uuid-FIL1185,MYR,6062.50,485.00,6547.50,SST-S,MYF0001185,Filler 1185,false
1000,FIL1186,FIL1186,MYSUP0000001,INV,2026-06-26,2026-06-26,CLEARED,uuid-FIL1186,MYR,6075.00,486.00,6561.00,SST-S,MYF0001186,Filler 1186,false
1000,FIL1187,FIL1187,MYSUP0000001,INV,2026-06-27,2026-06-27,CLEARED,uuid-FIL1187,MYR,6087.50,487.00,6574.50,SST-S,MYF0001187,Filler 1187,false
1000,FIL1188,FIL1188,MYSUP0000001,INV,2026-06-01,2026-06-01,CLEARED,uuid-FIL1188,MYR,6100.00,488.00,6588.00,SST-S,MYF0001188,Filler 1188,false
1000,FIL1189,FIL1189,MYSUP0000001,INV,2026-06-02,2026-06-02,CLEARED,uuid-FIL1189,MYR,6112.50,489.00,6601.50,SST-S,MYF0001189,Filler 1189,false
1000,FIL1190,FIL1190,MYSUP0000001,INV,2026-06-03,2026-06-03,CLEARED,uuid-FIL1190,MYR,6125.00,490.00,6615.00,SST-S,MYF0001190,Filler 1190,false
1000,FIL1191,FIL1191,MYSUP0000001,INV,2026-06-04,2026-06-04,CLEARED,uuid-FIL1191,MYR,6137.50,491.00,6628.50,SST-S,MYF0001191,Filler 1191,false
1000,FIL1192,FIL1192,MYSUP0000001,INV,2026-06-05,2026-06-05,CLEARED,uuid-FIL1192,MYR,6150.00,492.00,6642.00,SST-S,MYF0001192,Filler 1192,false
1000,FIL1193,FIL1193,MYSUP0000001,INV,2026-06-06,2026-06-06,CLEARED,uuid-FIL1193,MYR,6162.50,493.00,6655.50,SST-S,MYF0001193,Filler 1193,false
1000,FIL1194,FIL1194,MYSUP0000001,INV,2026-06-07,2026-06-07,CLEARED,uuid-FIL1194,MYR,6175.00,494.00,6669.00,SST-S,MYF0001194,Filler 1194,false
1000,FIL1195,FIL1195,MYSUP0000001,INV,2026-06-08,2026-06-08,CLEARED,uuid-FIL1195,MYR,6187.50,495.00,6682.50,SST-S,MYF0001195,Filler 1195,false
1000,FIL1196,FIL1196,MYSUP0000001,INV,2026-06-09,2026-06-09,CLEARED,uuid-FIL1196,MYR,6200.00,496.00,6696.00,SST-S,MYF0001196,Filler 1196,false
1000,FIL1197,FIL1197,MYSUP0000001,INV,2026-06-10,2026-06-10,CLEARED,uuid-FIL1197,MYR,6212.50,497.00,6709.50,SST-S,MYF0001197,Filler 1197,false
1000,FIL1198,FIL1198,MYSUP0000001,INV,2026-06-11,2026-06-11,CLEARED,uuid-FIL1198,MYR,6225.00,498.00,6723.00,SST-S,MYF0001198,Filler 1198,false
1000,FIL1199,FIL1199,MYSUP0000001,INV,2026-06-12,2026-06-12,CLEARED,uuid-FIL1199,MYR,6237.50,499.00,6736.50,SST-S,MYF0001199,Filler 1199,false
1000,FIL1200,FIL1200,MYSUP0000001,INV,2026-06-13,2026-06-13,CLEARED,uuid-FIL1200,MYR,1250.00,100.00,1350.00,SST-S,MYF0001200,Filler 1200,false
1000,FIL1201,FIL1201,MYSUP0000001,INV,2026-06-14,2026-06-14,CLEARED,uuid-FIL1201,MYR,1262.50,101.00,1363.50,SST-S,MYF0001201,Filler 1201,false
1000,FIL1202,FIL1202,MYSUP0000001,INV,2026-06-15,2026-06-15,CLEARED,uuid-FIL1202,MYR,1275.00,102.00,1377.00,SST-S,MYF0001202,Filler 1202,false
1000,FIL1203,FIL1203,MYSUP0000001,INV,2026-06-16,2026-06-16,CLEARED,uuid-FIL1203,MYR,1287.50,103.00,1390.50,SST-S,MYF0001203,Filler 1203,false
1000,FIL1204,FIL1204,MYSUP0000001,INV,2026-06-17,2026-06-17,CLEARED,uuid-FIL1204,MYR,1300.00,104.00,1404.00,SST-S,MYF0001204,Filler 1204,false
1000,FIL1205,FIL1205,MYSUP0000001,INV,2026-06-18,2026-06-18,CLEARED,uuid-FIL1205,MYR,1312.50,105.00,1417.50,SST-S,MYF0001205,Filler 1205,false
1000,FIL1206,FIL1206,MYSUP0000001,INV,2026-06-19,2026-06-19,CLEARED,uuid-FIL1206,MYR,1325.00,106.00,1431.00,SST-S,MYF0001206,Filler 1206,false
1000,FIL1207,FIL1207,MYSUP0000001,INV,2026-06-20,2026-06-20,CLEARED,uuid-FIL1207,MYR,1337.50,107.00,1444.50,SST-S,MYF0001207,Filler 1207,false
1000,FIL1208,FIL1208,MYSUP0000001,INV,2026-06-21,2026-06-21,CLEARED,uuid-FIL1208,MYR,1350.00,108.00,1458.00,SST-S,MYF0001208,Filler 1208,false
1000,FIL1209,FIL1209,MYSUP0000001,INV,2026-06-22,2026-06-22,CLEARED,uuid-FIL1209,MYR,1362.50,109.00,1471.50,SST-S,MYF0001209,Filler 1209,false
1000,FIL1210,FIL1210,MYSUP0000001,INV,2026-06-23,2026-06-23,CLEARED,uuid-FIL1210,MYR,1375.00,110.00,1485.00,SST-S,MYF0001210,Filler 1210,false
1000,FIL1211,FIL1211,MYSUP0000001,INV,2026-06-24,2026-06-24,CLEARED,uuid-FIL1211,MYR,1387.50,111.00,1498.50,SST-S,MYF0001211,Filler 1211,false
1000,FIL1212,FIL1212,MYSUP0000001,INV,2026-06-25,2026-06-25,CLEARED,uuid-FIL1212,MYR,1400.00,112.00,1512.00,SST-S,MYF0001212,Filler 1212,false
1000,FIL1213,FIL1213,MYSUP0000001,INV,2026-06-26,2026-06-26,CLEARED,uuid-FIL1213,MYR,1412.50,113.00,1525.50,SST-S,MYF0001213,Filler 1213,false
1000,FIL1214,FIL1214,MYSUP0000001,INV,2026-06-27,2026-06-27,CLEARED,uuid-FIL1214,MYR,1425.00,114.00,1539.00,SST-S,MYF0001214,Filler 1214,false
1000,FIL1215,FIL1215,MYSUP0000001,INV,2026-06-01,2026-06-01,CLEARED,uuid-FIL1215,MYR,1437.50,115.00,1552.50,SST-S,MYF0001215,Filler 1215,false
1000,FIL1216,FIL1216,MYSUP0000001,INV,2026-06-02,2026-06-02,CLEARED,uuid-FIL1216,MYR,1450.00,116.00,1566.00,SST-S,MYF0001216,Filler 1216,false
1000,FIL1217,FIL1217,MYSUP0000001,INV,2026-06-03,2026-06-03,CLEARED,uuid-FIL1217,MYR,1462.50,117.00,1579.50,SST-S,MYF0001217,Filler 1217,false
1000,FIL1218,FIL1218,MYSUP0000001,INV,2026-06-04,2026-06-04,CLEARED,uuid-FIL1218,MYR,1475.00,118.00,1593.00,SST-S,MYF0001218,Filler 1218,false
1000,FIL1219,FIL1219,MYSUP0000001,INV,2026-06-05,2026-06-05,CLEARED,uuid-FIL1219,MYR,1487.50,119.00,1606.50,SST-S,MYF0001219,Filler 1219,false
1000,FIL1220,FIL1220,MYSUP0000001,INV,2026-06-06,2026-06-06,CLEARED,uuid-FIL1220,MYR,1500.00,120.00,1620.00,SST-S,MYF0001220,Filler 1220,false
1000,FIL1221,FIL1221,MYSUP0000001,INV,2026-06-07,2026-06-07,CLEARED,uuid-FIL1221,MYR,1512.50,121.00,1633.50,SST-S,MYF0001221,Filler 1221,false
1000,FIL1222,FIL1222,MYSUP0000001,INV,2026-06-08,2026-06-08,CLEARED,uuid-FIL1222,MYR,1525.00,122.00,1647.00,SST-S,MYF0001222,Filler 1222,false
1000,FIL1223,FIL1223,MYSUP0000001,INV,2026-06-09,2026-06-09,CLEARED,uuid-FIL1223,MYR,1537.50,123.00,1660.50,SST-S,MYF0001223,Filler 1223,false
1000,FIL1224,FIL1224,MYSUP0000001,INV,2026-06-10,2026-06-10,CLEARED,uuid-FIL1224,MYR,1550.00,124.00,1674.00,SST-S,MYF0001224,Filler 1224,false
1000,FIL1225,FIL1225,MYSUP0000001,INV,2026-06-11,2026-06-11,CLEARED,uuid-FIL1225,MYR,1562.50,125.00,1687.50,SST-S,MYF0001225,Filler 1225,false
1000,FIL1226,FIL1226,MYSUP0000001,INV,2026-06-12,2026-06-12,CLEARED,uuid-FIL1226,MYR,1575.00,126.00,1701.00,SST-S,MYF0001226,Filler 1226,false
1000,FIL1227,FIL1227,MYSUP0000001,INV,2026-06-13,2026-06-13,CLEARED,uuid-FIL1227,MYR,1587.50,127.00,1714.50,SST-S,MYF0001227,Filler 1227,false
1000,FIL1228,FIL1228,MYSUP0000001,INV,2026-06-14,2026-06-14,CLEARED,uuid-FIL1228,MYR,1600.00,128.00,1728.00,SST-S,MYF0001228,Filler 1228,false
1000,FIL1229,FIL1229,MYSUP0000001,INV,2026-06-15,2026-06-15,CLEARED,uuid-FIL1229,MYR,1612.50,129.00,1741.50,SST-S,MYF0001229,Filler 1229,false
1000,FIL1230,FIL1230,MYSUP0000001,INV,2026-06-16,2026-06-16,CLEARED,uuid-FIL1230,MYR,1625.00,130.00,1755.00,SST-S,MYF0001230,Filler 1230,false
1000,FIL1231,FIL1231,MYSUP0000001,INV,2026-06-17,2026-06-17,CLEARED,uuid-FIL1231,MYR,1637.50,131.00,1768.50,SST-S,MYF0001231,Filler 1231,false
1000,FIL1232,FIL1232,MYSUP0000001,INV,2026-06-18,2026-06-18,CLEARED,uuid-FIL1232,MYR,1650.00,132.00,1782.00,SST-S,MYF0001232,Filler 1232,false
1000,FIL1233,FIL1233,MYSUP0000001,INV,2026-06-19,2026-06-19,CLEARED,uuid-FIL1233,MYR,1662.50,133.00,1795.50,SST-S,MYF0001233,Filler 1233,false
1000,FIL1234,FIL1234,MYSUP0000001,INV,2026-06-20,2026-06-20,CLEARED,uuid-FIL1234,MYR,1675.00,134.00,1809.00,SST-S,MYF0001234,Filler 1234,false
1000,FIL1235,FIL1235,MYSUP0000001,INV,2026-06-21,2026-06-21,CLEARED,uuid-FIL1235,MYR,1687.50,135.00,1822.50,SST-S,MYF0001235,Filler 1235,false
1000,FIL1236,FIL1236,MYSUP0000001,INV,2026-06-22,2026-06-22,CLEARED,uuid-FIL1236,MYR,1700.00,136.00,1836.00,SST-S,MYF0001236,Filler 1236,false
1000,FIL1237,FIL1237,MYSUP0000001,INV,2026-06-23,2026-06-23,CLEARED,uuid-FIL1237,MYR,1712.50,137.00,1849.50,SST-S,MYF0001237,Filler 1237,false
1000,FIL1238,FIL1238,MYSUP0000001,INV,2026-06-24,2026-06-24,CLEARED,uuid-FIL1238,MYR,1725.00,138.00,1863.00,SST-S,MYF0001238,Filler 1238,false
1000,FIL1239,FIL1239,MYSUP0000001,INV,2026-06-25,2026-06-25,CLEARED,uuid-FIL1239,MYR,1737.50,139.00,1876.50,SST-S,MYF0001239,Filler 1239,false
1000,FIL1240,FIL1240,MYSUP0000001,INV,2026-06-26,2026-06-26,CLEARED,uuid-FIL1240,MYR,1750.00,140.00,1890.00,SST-S,MYF0001240,Filler 1240,false
1000,FIL1241,FIL1241,MYSUP0000001,INV,2026-06-27,2026-06-27,CLEARED,uuid-FIL1241,MYR,1762.50,141.00,1903.50,SST-S,MYF0001241,Filler 1241,false
1000,FIL1242,FIL1242,MYSUP0000001,INV,2026-06-01,2026-06-01,CLEARED,uuid-FIL1242,MYR,1775.00,142.00,1917.00,SST-S,MYF0001242,Filler 1242,false
1000,FIL1243,FIL1243,MYSUP0000001,INV,2026-06-02,2026-06-02,CLEARED,uuid-FIL1243,MYR,1787.50,143.00,1930.50,SST-S,MYF0001243,Filler 1243,false
1000,FIL1244,FIL1244,MYSUP0000001,INV,2026-06-03,2026-06-03,CLEARED,uuid-FIL1244,MYR,1800.00,144.00,1944.00,SST-S,MYF0001244,Filler 1244,false
1000,FIL1245,FIL1245,MYSUP0000001,INV,2026-06-04,2026-06-04,CLEARED,uuid-FIL1245,MYR,1812.50,145.00,1957.50,SST-S,MYF0001245,Filler 1245,false
1000,FIL1246,FIL1246,MYSUP0000001,INV,2026-06-05,2026-06-05,CLEARED,uuid-FIL1246,MYR,1825.00,146.00,1971.00,SST-S,MYF0001246,Filler 1246,false
1000,FIL1247,FIL1247,MYSUP0000001,INV,2026-06-06,2026-06-06,CLEARED,uuid-FIL1247,MYR,1837.50,147.00,1984.50,SST-S,MYF0001247,Filler 1247,false
1000,FIL1248,FIL1248,MYSUP0000001,INV,2026-06-07,2026-06-07,CLEARED,uuid-FIL1248,MYR,1850.00,148.00,1998.00,SST-S,MYF0001248,Filler 1248,false
1000,FIL1249,FIL1249,MYSUP0000001,INV,2026-06-08,2026-06-08,CLEARED,uuid-FIL1249,MYR,1862.50,149.00,2011.50,SST-S,MYF0001249,Filler 1249,false
1000,FIL1250,FIL1250,MYSUP0000001,INV,2026-06-09,2026-06-09,CLEARED,uuid-FIL1250,MYR,1875.00,150.00,2025.00,SST-S,MYF0001250,Filler 1250,false
1000,FIL1251,FIL1251,MYSUP0000001,INV,2026-06-10,2026-06-10,CLEARED,uuid-FIL1251,MYR,1887.50,151.00,2038.50,SST-S,MYF0001251,Filler 1251,false
1000,FIL1252,FIL1252,MYSUP0000001,INV,2026-06-11,2026-06-11,CLEARED,uuid-FIL1252,MYR,1900.00,152.00,2052.00,SST-S,MYF0001252,Filler 1252,false
1000,FIL1253,FIL1253,MYSUP0000001,INV,2026-06-12,2026-06-12,CLEARED,uuid-FIL1253,MYR,1912.50,153.00,2065.50,SST-S,MYF0001253,Filler 1253,false
1000,FIL1254,FIL1254,MYSUP0000001,INV,2026-06-13,2026-06-13,CLEARED,uuid-FIL1254,MYR,1925.00,154.00,2079.00,SST-S,MYF0001254,Filler 1254,false
1000,FIL1255,FIL1255,MYSUP0000001,INV,2026-06-14,2026-06-14,CLEARED,uuid-FIL1255,MYR,1937.50,155.00,2092.50,SST-S,MYF0001255,Filler 1255,false
1000,FIL1256,FIL1256,MYSUP0000001,INV,2026-06-15,2026-06-15,CLEARED,uuid-FIL1256,MYR,1950.00,156.00,2106.00,SST-S,MYF0001256,Filler 1256,false
1000,FIL1257,FIL1257,MYSUP0000001,INV,2026-06-16,2026-06-16,CLEARED,uuid-FIL1257,MYR,1962.50,157.00,2119.50,SST-S,MYF0001257,Filler 1257,false
1000,FIL1258,FIL1258,MYSUP0000001,INV,2026-06-17,2026-06-17,CLEARED,uuid-FIL1258,MYR,1975.00,158.00,2133.00,SST-S,MYF0001258,Filler 1258,false
1000,FIL1259,FIL1259,MYSUP0000001,INV,2026-06-18,2026-06-18,CLEARED,uuid-FIL1259,MYR,1987.50,159.00,2146.50,SST-S,MYF0001259,Filler 1259,false
1000,FIL1260,FIL1260,MYSUP0000001,INV,2026-06-19,2026-06-19,CLEARED,uuid-FIL1260,MYR,2000.00,160.00,2160.00,SST-S,MYF0001260,Filler 1260,false
1000,FIL1261,FIL1261,MYSUP0000001,INV,2026-06-20,2026-06-20,CLEARED,uuid-FIL1261,MYR,2012.50,161.00,2173.50,SST-S,MYF0001261,Filler 1261,false
1000,FIL1262,FIL1262,MYSUP0000001,INV,2026-06-21,2026-06-21,CLEARED,uuid-FIL1262,MYR,2025.00,162.00,2187.00,SST-S,MYF0001262,Filler 1262,false
1000,FIL1263,FIL1263,MYSUP0000001,INV,2026-06-22,2026-06-22,CLEARED,uuid-FIL1263,MYR,2037.50,163.00,2200.50,SST-S,MYF0001263,Filler 1263,false
1000,FIL1264,FIL1264,MYSUP0000001,INV,2026-06-23,2026-06-23,CLEARED,uuid-FIL1264,MYR,2050.00,164.00,2214.00,SST-S,MYF0001264,Filler 1264,false
1000,FIL1265,FIL1265,MYSUP0000001,INV,2026-06-24,2026-06-24,CLEARED,uuid-FIL1265,MYR,2062.50,165.00,2227.50,SST-S,MYF0001265,Filler 1265,false
1000,FIL1266,FIL1266,MYSUP0000001,INV,2026-06-25,2026-06-25,CLEARED,uuid-FIL1266,MYR,2075.00,166.00,2241.00,SST-S,MYF0001266,Filler 1266,false
1000,FIL1267,FIL1267,MYSUP0000001,INV,2026-06-26,2026-06-26,CLEARED,uuid-FIL1267,MYR,2087.50,167.00,2254.50,SST-S,MYF0001267,Filler 1267,false
1000,FIL1268,FIL1268,MYSUP0000001,INV,2026-06-27,2026-06-27,CLEARED,uuid-FIL1268,MYR,2100.00,168.00,2268.00,SST-S,MYF0001268,Filler 1268,false
1000,FIL1269,FIL1269,MYSUP0000001,INV,2026-06-01,2026-06-01,CLEARED,uuid-FIL1269,MYR,2112.50,169.00,2281.50,SST-S,MYF0001269,Filler 1269,false
1000,FIL1270,FIL1270,MYSUP0000001,INV,2026-06-02,2026-06-02,CLEARED,uuid-FIL1270,MYR,2125.00,170.00,2295.00,SST-S,MYF0001270,Filler 1270,false
1000,FIL1271,FIL1271,MYSUP0000001,INV,2026-06-03,2026-06-03,CLEARED,uuid-FIL1271,MYR,2137.50,171.00,2308.50,SST-S,MYF0001271,Filler 1271,false
1000,FIL1272,FIL1272,MYSUP0000001,INV,2026-06-04,2026-06-04,CLEARED,uuid-FIL1272,MYR,2150.00,172.00,2322.00,SST-S,MYF0001272,Filler 1272,false
1000,FIL1273,FIL1273,MYSUP0000001,INV,2026-06-05,2026-06-05,CLEARED,uuid-FIL1273,MYR,2162.50,173.00,2335.50,SST-S,MYF0001273,Filler 1273,false
1000,FIL1274,FIL1274,MYSUP0000001,INV,2026-06-06,2026-06-06,CLEARED,uuid-FIL1274,MYR,2175.00,174.00,2349.00,SST-S,MYF0001274,Filler 1274,false
1000,FIL1275,FIL1275,MYSUP0000001,INV,2026-06-07,2026-06-07,CLEARED,uuid-FIL1275,MYR,2187.50,175.00,2362.50,SST-S,MYF0001275,Filler 1275,false
1000,FIL1276,FIL1276,MYSUP0000001,INV,2026-06-08,2026-06-08,CLEARED,uuid-FIL1276,MYR,2200.00,176.00,2376.00,SST-S,MYF0001276,Filler 1276,false
1000,FIL1277,FIL1277,MYSUP0000001,INV,2026-06-09,2026-06-09,CLEARED,uuid-FIL1277,MYR,2212.50,177.00,2389.50,SST-S,MYF0001277,Filler 1277,false
1000,FIL1278,FIL1278,MYSUP0000001,INV,2026-06-10,2026-06-10,CLEARED,uuid-FIL1278,MYR,2225.00,178.00,2403.00,SST-S,MYF0001278,Filler 1278,false
1000,FIL1279,FIL1279,MYSUP0000001,INV,2026-06-11,2026-06-11,CLEARED,uuid-FIL1279,MYR,2237.50,179.00,2416.50,SST-S,MYF0001279,Filler 1279,false
1000,FIL1280,FIL1280,MYSUP0000001,INV,2026-06-12,2026-06-12,CLEARED,uuid-FIL1280,MYR,2250.00,180.00,2430.00,SST-S,MYF0001280,Filler 1280,false
1000,FIL1281,FIL1281,MYSUP0000001,INV,2026-06-13,2026-06-13,CLEARED,uuid-FIL1281,MYR,2262.50,181.00,2443.50,SST-S,MYF0001281,Filler 1281,false
1000,FIL1282,FIL1282,MYSUP0000001,INV,2026-06-14,2026-06-14,CLEARED,uuid-FIL1282,MYR,2275.00,182.00,2457.00,SST-S,MYF0001282,Filler 1282,false
1000,FIL1283,FIL1283,MYSUP0000001,INV,2026-06-15,2026-06-15,CLEARED,uuid-FIL1283,MYR,2287.50,183.00,2470.50,SST-S,MYF0001283,Filler 1283,false
1000,FIL1284,FIL1284,MYSUP0000001,INV,2026-06-16,2026-06-16,CLEARED,uuid-FIL1284,MYR,2300.00,184.00,2484.00,SST-S,MYF0001284,Filler 1284,false
1000,FIL1285,FIL1285,MYSUP0000001,INV,2026-06-17,2026-06-17,CLEARED,uuid-FIL1285,MYR,2312.50,185.00,2497.50,SST-S,MYF0001285,Filler 1285,false
1000,FIL1286,FIL1286,MYSUP0000001,INV,2026-06-18,2026-06-18,CLEARED,uuid-FIL1286,MYR,2325.00,186.00,2511.00,SST-S,MYF0001286,Filler 1286,false
1000,FIL1287,FIL1287,MYSUP0000001,INV,2026-06-19,2026-06-19,CLEARED,uuid-FIL1287,MYR,2337.50,187.00,2524.50,SST-S,MYF0001287,Filler 1287,false
1000,FIL1288,FIL1288,MYSUP0000001,INV,2026-06-20,2026-06-20,CLEARED,uuid-FIL1288,MYR,2350.00,188.00,2538.00,SST-S,MYF0001288,Filler 1288,false
1000,FIL1289,FIL1289,MYSUP0000001,INV,2026-06-21,2026-06-21,CLEARED,uuid-FIL1289,MYR,2362.50,189.00,2551.50,SST-S,MYF0001289,Filler 1289,false
1000,FIL1290,FIL1290,MYSUP0000001,INV,2026-06-22,2026-06-22,CLEARED,uuid-FIL1290,MYR,2375.00,190.00,2565.00,SST-S,MYF0001290,Filler 1290,false
1000,FIL1291,FIL1291,MYSUP0000001,INV,2026-06-23,2026-06-23,CLEARED,uuid-FIL1291,MYR,2387.50,191.00,2578.50,SST-S,MYF0001291,Filler 1291,false
1000,FIL1292,FIL1292,MYSUP0000001,INV,2026-06-24,2026-06-24,CLEARED,uuid-FIL1292,MYR,2400.00,192.00,2592.00,SST-S,MYF0001292,Filler 1292,false
1000,FIL1293,FIL1293,MYSUP0000001,INV,2026-06-25,2026-06-25,CLEARED,uuid-FIL1293,MYR,2412.50,193.00,2605.50,SST-S,MYF0001293,Filler 1293,false
1000,FIL1294,FIL1294,MYSUP0000001,INV,2026-06-26,2026-06-26,CLEARED,uuid-FIL1294,MYR,2425.00,194.00,2619.00,SST-S,MYF0001294,Filler 1294,false
1000,FIL1295,FIL1295,MYSUP0000001,INV,2026-06-27,2026-06-27,CLEARED,uuid-FIL1295,MYR,2437.50,195.00,2632.50,SST-S,MYF0001295,Filler 1295,false
1000,FIL1296,FIL1296,MYSUP0000001,INV,2026-06-01,2026-06-01,CLEARED,uuid-FIL1296,MYR,2450.00,196.00,2646.00,SST-S,MYF0001296,Filler 1296,false
1000,FIL1297,FIL1297,MYSUP0000001,INV,2026-06-02,2026-06-02,CLEARED,uuid-FIL1297,MYR,2462.50,197.00,2659.50,SST-S,MYF0001297,Filler 1297,false
1000,FIL1298,FIL1298,MYSUP0000001,INV,2026-06-03,2026-06-03,CLEARED,uuid-FIL1298,MYR,2475.00,198.00,2673.00,SST-S,MYF0001298,Filler 1298,false
1000,FIL1299,FIL1299,MYSUP0000001,INV,2026-06-04,2026-06-04,CLEARED,uuid-FIL1299,MYR,2487.50,199.00,2686.50,SST-S,MYF0001299,Filler 1299,false
1000,FIL1300,FIL1300,MYSUP0000001,INV,2026-06-05,2026-06-05,CLEARED,uuid-FIL1300,MYR,2500.00,200.00,2700.00,SST-S,MYF0001300,Filler 1300,false
1000,FIL1301,FIL1301,MYSUP0000001,INV,2026-06-06,2026-06-06,CLEARED,uuid-FIL1301,MYR,2512.50,201.00,2713.50,SST-S,MYF0001301,Filler 1301,false
1000,FIL1302,FIL1302,MYSUP0000001,INV,2026-06-07,2026-06-07,CLEARED,uuid-FIL1302,MYR,2525.00,202.00,2727.00,SST-S,MYF0001302,Filler 1302,false
1000,FIL1303,FIL1303,MYSUP0000001,INV,2026-06-08,2026-06-08,CLEARED,uuid-FIL1303,MYR,2537.50,203.00,2740.50,SST-S,MYF0001303,Filler 1303,false
1000,FIL1304,FIL1304,MYSUP0000001,INV,2026-06-09,2026-06-09,CLEARED,uuid-FIL1304,MYR,2550.00,204.00,2754.00,SST-S,MYF0001304,Filler 1304,false
1000,FIL1305,FIL1305,MYSUP0000001,INV,2026-06-10,2026-06-10,CLEARED,uuid-FIL1305,MYR,2562.50,205.00,2767.50,SST-S,MYF0001305,Filler 1305,false
1000,FIL1306,FIL1306,MYSUP0000001,INV,2026-06-11,2026-06-11,CLEARED,uuid-FIL1306,MYR,2575.00,206.00,2781.00,SST-S,MYF0001306,Filler 1306,false
1000,FIL1307,FIL1307,MYSUP0000001,INV,2026-06-12,2026-06-12,CLEARED,uuid-FIL1307,MYR,2587.50,207.00,2794.50,SST-S,MYF0001307,Filler 1307,false
1000,FIL1308,FIL1308,MYSUP0000001,INV,2026-06-13,2026-06-13,CLEARED,uuid-FIL1308,MYR,2600.00,208.00,2808.00,SST-S,MYF0001308,Filler 1308,false
1000,FIL1309,FIL1309,MYSUP0000001,INV,2026-06-14,2026-06-14,CLEARED,uuid-FIL1309,MYR,2612.50,209.00,2821.50,SST-S,MYF0001309,Filler 1309,false
1000,FIL1310,FIL1310,MYSUP0000001,INV,2026-06-15,2026-06-15,CLEARED,uuid-FIL1310,MYR,2625.00,210.00,2835.00,SST-S,MYF0001310,Filler 1310,false
1000,FIL1311,FIL1311,MYSUP0000001,INV,2026-06-16,2026-06-16,CLEARED,uuid-FIL1311,MYR,2637.50,211.00,2848.50,SST-S,MYF0001311,Filler 1311,false
1000,FIL1312,FIL1312,MYSUP0000001,INV,2026-06-17,2026-06-17,CLEARED,uuid-FIL1312,MYR,2650.00,212.00,2862.00,SST-S,MYF0001312,Filler 1312,false
1000,FIL1313,FIL1313,MYSUP0000001,INV,2026-06-18,2026-06-18,CLEARED,uuid-FIL1313,MYR,2662.50,213.00,2875.50,SST-S,MYF0001313,Filler 1313,false
1000,FIL1314,FIL1314,MYSUP0000001,INV,2026-06-19,2026-06-19,CLEARED,uuid-FIL1314,MYR,2675.00,214.00,2889.00,SST-S,MYF0001314,Filler 1314,false
1000,FIL1315,FIL1315,MYSUP0000001,INV,2026-06-20,2026-06-20,CLEARED,uuid-FIL1315,MYR,2687.50,215.00,2902.50,SST-S,MYF0001315,Filler 1315,false
1000,FIL1316,FIL1316,MYSUP0000001,INV,2026-06-21,2026-06-21,CLEARED,uuid-FIL1316,MYR,2700.00,216.00,2916.00,SST-S,MYF0001316,Filler 1316,false
1000,FIL1317,FIL1317,MYSUP0000001,INV,2026-06-22,2026-06-22,CLEARED,uuid-FIL1317,MYR,2712.50,217.00,2929.50,SST-S,MYF0001317,Filler 1317,false
1000,FIL1318,FIL1318,MYSUP0000001,INV,2026-06-23,2026-06-23,CLEARED,uuid-FIL1318,MYR,2725.00,218.00,2943.00,SST-S,MYF0001318,Filler 1318,false
1000,FIL1319,FIL1319,MYSUP0000001,INV,2026-06-24,2026-06-24,CLEARED,uuid-FIL1319,MYR,2737.50,219.00,2956.50,SST-S,MYF0001319,Filler 1319,false
1000,FIL1320,FIL1320,MYSUP0000001,INV,2026-06-25,2026-06-25,CLEARED,uuid-FIL1320,MYR,2750.00,220.00,2970.00,SST-S,MYF0001320,Filler 1320,false
1000,FIL1321,FIL1321,MYSUP0000001,INV,2026-06-26,2026-06-26,CLEARED,uuid-FIL1321,MYR,2762.50,221.00,2983.50,SST-S,MYF0001321,Filler 1321,false
1000,FIL1322,FIL1322,MYSUP0000001,INV,2026-06-27,2026-06-27,CLEARED,uuid-FIL1322,MYR,2775.00,222.00,2997.00,SST-S,MYF0001322,Filler 1322,false
1000,FIL1323,FIL1323,MYSUP0000001,INV,2026-06-01,2026-06-01,CLEARED,uuid-FIL1323,MYR,2787.50,223.00,3010.50,SST-S,MYF0001323,Filler 1323,false
1000,FIL1324,FIL1324,MYSUP0000001,INV,2026-06-02,2026-06-02,CLEARED,uuid-FIL1324,MYR,2800.00,224.00,3024.00,SST-S,MYF0001324,Filler 1324,false
1000,FIL1325,FIL1325,MYSUP0000001,INV,2026-06-03,2026-06-03,CLEARED,uuid-FIL1325,MYR,2812.50,225.00,3037.50,SST-S,MYF0001325,Filler 1325,false
1000,FIL1326,FIL1326,MYSUP0000001,INV,2026-06-04,2026-06-04,CLEARED,uuid-FIL1326,MYR,2825.00,226.00,3051.00,SST-S,MYF0001326,Filler 1326,false
1000,FIL1327,FIL1327,MYSUP0000001,INV,2026-06-05,2026-06-05,CLEARED,uuid-FIL1327,MYR,2837.50,227.00,3064.50,SST-S,MYF0001327,Filler 1327,false
1000,FIL1328,FIL1328,MYSUP0000001,INV,2026-06-06,2026-06-06,CLEARED,uuid-FIL1328,MYR,2850.00,228.00,3078.00,SST-S,MYF0001328,Filler 1328,false
1000,FIL1329,FIL1329,MYSUP0000001,INV,2026-06-07,2026-06-07,CLEARED,uuid-FIL1329,MYR,2862.50,229.00,3091.50,SST-S,MYF0001329,Filler 1329,false
1000,FIL1330,FIL1330,MYSUP0000001,INV,2026-06-08,2026-06-08,CLEARED,uuid-FIL1330,MYR,2875.00,230.00,3105.00,SST-S,MYF0001330,Filler 1330,false
1000,FIL1331,FIL1331,MYSUP0000001,INV,2026-06-09,2026-06-09,CLEARED,uuid-FIL1331,MYR,2887.50,231.00,3118.50,SST-S,MYF0001331,Filler 1331,false
1000,FIL1332,FIL1332,MYSUP0000001,INV,2026-06-10,2026-06-10,CLEARED,uuid-FIL1332,MYR,2900.00,232.00,3132.00,SST-S,MYF0001332,Filler 1332,false
1000,FIL1333,FIL1333,MYSUP0000001,INV,2026-06-11,2026-06-11,CLEARED,uuid-FIL1333,MYR,2912.50,233.00,3145.50,SST-S,MYF0001333,Filler 1333,false
1000,FIL1334,FIL1334,MYSUP0000001,INV,2026-06-12,2026-06-12,CLEARED,uuid-FIL1334,MYR,2925.00,234.00,3159.00,SST-S,MYF0001334,Filler 1334,false
1000,FIL1335,FIL1335,MYSUP0000001,INV,2026-06-13,2026-06-13,CLEARED,uuid-FIL1335,MYR,2937.50,235.00,3172.50,SST-S,MYF0001335,Filler 1335,false
1000,FIL1336,FIL1336,MYSUP0000001,INV,2026-06-14,2026-06-14,CLEARED,uuid-FIL1336,MYR,2950.00,236.00,3186.00,SST-S,MYF0001336,Filler 1336,false
1000,FIL1337,FIL1337,MYSUP0000001,INV,2026-06-15,2026-06-15,CLEARED,uuid-FIL1337,MYR,2962.50,237.00,3199.50,SST-S,MYF0001337,Filler 1337,false
1000,FIL1338,FIL1338,MYSUP0000001,INV,2026-06-16,2026-06-16,CLEARED,uuid-FIL1338,MYR,2975.00,238.00,3213.00,SST-S,MYF0001338,Filler 1338,false
1000,FIL1339,FIL1339,MYSUP0000001,INV,2026-06-17,2026-06-17,CLEARED,uuid-FIL1339,MYR,2987.50,239.00,3226.50,SST-S,MYF0001339,Filler 1339,false
1000,FIL1340,FIL1340,MYSUP0000001,INV,2026-06-18,2026-06-18,CLEARED,uuid-FIL1340,MYR,3000.00,240.00,3240.00,SST-S,MYF0001340,Filler 1340,false
1000,FIL1341,FIL1341,MYSUP0000001,INV,2026-06-19,2026-06-19,CLEARED,uuid-FIL1341,MYR,3012.50,241.00,3253.50,SST-S,MYF0001341,Filler 1341,false
1000,FIL1342,FIL1342,MYSUP0000001,INV,2026-06-20,2026-06-20,CLEARED,uuid-FIL1342,MYR,3025.00,242.00,3267.00,SST-S,MYF0001342,Filler 1342,false
1000,FIL1343,FIL1343,MYSUP0000001,INV,2026-06-21,2026-06-21,CLEARED,uuid-FIL1343,MYR,3037.50,243.00,3280.50,SST-S,MYF0001343,Filler 1343,false
1000,FIL1344,FIL1344,MYSUP0000001,INV,2026-06-22,2026-06-22,CLEARED,uuid-FIL1344,MYR,3050.00,244.00,3294.00,SST-S,MYF0001344,Filler 1344,false
1000,FIL1345,FIL1345,MYSUP0000001,INV,2026-06-23,2026-06-23,CLEARED,uuid-FIL1345,MYR,3062.50,245.00,3307.50,SST-S,MYF0001345,Filler 1345,false
1000,FIL1346,FIL1346,MYSUP0000001,INV,2026-06-24,2026-06-24,CLEARED,uuid-FIL1346,MYR,3075.00,246.00,3321.00,SST-S,MYF0001346,Filler 1346,false
1000,FIL1347,FIL1347,MYSUP0000001,INV,2026-06-25,2026-06-25,CLEARED,uuid-FIL1347,MYR,3087.50,247.00,3334.50,SST-S,MYF0001347,Filler 1347,false
1000,FIL1348,FIL1348,MYSUP0000001,INV,2026-06-26,2026-06-26,CLEARED,uuid-FIL1348,MYR,3100.00,248.00,3348.00,SST-S,MYF0001348,Filler 1348,false
1000,FIL1349,FIL1349,MYSUP0000001,INV,2026-06-27,2026-06-27,CLEARED,uuid-FIL1349,MYR,3112.50,249.00,3361.50,SST-S,MYF0001349,Filler 1349,false
1000,FIL1350,FIL1350,MYSUP0000001,INV,2026-06-01,2026-06-01,CLEARED,uuid-FIL1350,MYR,3125.00,250.00,3375.00,SST-S,MYF0001350,Filler 1350,false
1000,FIL1351,FIL1351,MYSUP0000001,INV,2026-06-02,2026-06-02,CLEARED,uuid-FIL1351,MYR,3137.50,251.00,3388.50,SST-S,MYF0001351,Filler 1351,false
1000,FIL1352,FIL1352,MYSUP0000001,INV,2026-06-03,2026-06-03,CLEARED,uuid-FIL1352,MYR,3150.00,252.00,3402.00,SST-S,MYF0001352,Filler 1352,false
1000,FIL1353,FIL1353,MYSUP0000001,INV,2026-06-04,2026-06-04,CLEARED,uuid-FIL1353,MYR,3162.50,253.00,3415.50,SST-S,MYF0001353,Filler 1353,false
1000,FIL1354,FIL1354,MYSUP0000001,INV,2026-06-05,2026-06-05,CLEARED,uuid-FIL1354,MYR,3175.00,254.00,3429.00,SST-S,MYF0001354,Filler 1354,false
1000,FIL1355,FIL1355,MYSUP0000001,INV,2026-06-06,2026-06-06,CLEARED,uuid-FIL1355,MYR,3187.50,255.00,3442.50,SST-S,MYF0001355,Filler 1355,false
1000,FIL1356,FIL1356,MYSUP0000001,INV,2026-06-07,2026-06-07,CLEARED,uuid-FIL1356,MYR,3200.00,256.00,3456.00,SST-S,MYF0001356,Filler 1356,false
1000,FIL1357,FIL1357,MYSUP0000001,INV,2026-06-08,2026-06-08,CLEARED,uuid-FIL1357,MYR,3212.50,257.00,3469.50,SST-S,MYF0001357,Filler 1357,false
1000,FIL1358,FIL1358,MYSUP0000001,INV,2026-06-09,2026-06-09,CLEARED,uuid-FIL1358,MYR,3225.00,258.00,3483.00,SST-S,MYF0001358,Filler 1358,false
1000,FIL1359,FIL1359,MYSUP0000001,INV,2026-06-10,2026-06-10,CLEARED,uuid-FIL1359,MYR,3237.50,259.00,3496.50,SST-S,MYF0001359,Filler 1359,false
1000,FIL1360,FIL1360,MYSUP0000001,INV,2026-06-11,2026-06-11,CLEARED,uuid-FIL1360,MYR,3250.00,260.00,3510.00,SST-S,MYF0001360,Filler 1360,false
1000,FIL1361,FIL1361,MYSUP0000001,INV,2026-06-12,2026-06-12,CLEARED,uuid-FIL1361,MYR,3262.50,261.00,3523.50,SST-S,MYF0001361,Filler 1361,false
1000,FIL1362,FIL1362,MYSUP0000001,INV,2026-06-13,2026-06-13,CLEARED,uuid-FIL1362,MYR,3275.00,262.00,3537.00,SST-S,MYF0001362,Filler 1362,false
1000,FIL1363,FIL1363,MYSUP0000001,INV,2026-06-14,2026-06-14,CLEARED,uuid-FIL1363,MYR,3287.50,263.00,3550.50,SST-S,MYF0001363,Filler 1363,false
1000,FIL1364,FIL1364,MYSUP0000001,INV,2026-06-15,2026-06-15,CLEARED,uuid-FIL1364,MYR,3300.00,264.00,3564.00,SST-S,MYF0001364,Filler 1364,false
1000,FIL1365,FIL1365,MYSUP0000001,INV,2026-06-16,2026-06-16,CLEARED,uuid-FIL1365,MYR,3312.50,265.00,3577.50,SST-S,MYF0001365,Filler 1365,false
1000,FIL1366,FIL1366,MYSUP0000001,INV,2026-06-17,2026-06-17,CLEARED,uuid-FIL1366,MYR,3325.00,266.00,3591.00,SST-S,MYF0001366,Filler 1366,false
1000,FIL1367,FIL1367,MYSUP0000001,INV,2026-06-18,2026-06-18,CLEARED,uuid-FIL1367,MYR,3337.50,267.00,3604.50,SST-S,MYF0001367,Filler 1367,false
1000,FIL1368,FIL1368,MYSUP0000001,INV,2026-06-19,2026-06-19,CLEARED,uuid-FIL1368,MYR,3350.00,268.00,3618.00,SST-S,MYF0001368,Filler 1368,false
1000,FIL1369,FIL1369,MYSUP0000001,INV,2026-06-20,2026-06-20,CLEARED,uuid-FIL1369,MYR,3362.50,269.00,3631.50,SST-S,MYF0001369,Filler 1369,false
1000,FIL1370,FIL1370,MYSUP0000001,INV,2026-06-21,2026-06-21,CLEARED,uuid-FIL1370,MYR,3375.00,270.00,3645.00,SST-S,MYF0001370,Filler 1370,false
1000,FIL1371,FIL1371,MYSUP0000001,INV,2026-06-22,2026-06-22,CLEARED,uuid-FIL1371,MYR,3387.50,271.00,3658.50,SST-S,MYF0001371,Filler 1371,false
1000,FIL1372,FIL1372,MYSUP0000001,INV,2026-06-23,2026-06-23,CLEARED,uuid-FIL1372,MYR,3400.00,272.00,3672.00,SST-S,MYF0001372,Filler 1372,false
1000,FIL1373,FIL1373,MYSUP0000001,INV,2026-06-24,2026-06-24,CLEARED,uuid-FIL1373,MYR,3412.50,273.00,3685.50,SST-S,MYF0001373,Filler 1373,false
1000,FIL1374,FIL1374,MYSUP0000001,INV,2026-06-25,2026-06-25,CLEARED,uuid-FIL1374,MYR,3425.00,274.00,3699.00,SST-S,MYF0001374,Filler 1374,false
1000,FIL1375,FIL1375,MYSUP0000001,INV,2026-06-26,2026-06-26,CLEARED,uuid-FIL1375,MYR,3437.50,275.00,3712.50,SST-S,MYF0001375,Filler 1375,false
1000,FIL1376,FIL1376,MYSUP0000001,INV,2026-06-27,2026-06-27,CLEARED,uuid-FIL1376,MYR,3450.00,276.00,3726.00,SST-S,MYF0001376,Filler 1376,false
1000,FIL1377,FIL1377,MYSUP0000001,INV,2026-06-01,2026-06-01,CLEARED,uuid-FIL1377,MYR,3462.50,277.00,3739.50,SST-S,MYF0001377,Filler 1377,false
1000,FIL1378,FIL1378,MYSUP0000001,INV,2026-06-02,2026-06-02,CLEARED,uuid-FIL1378,MYR,3475.00,278.00,3753.00,SST-S,MYF0001378,Filler 1378,false
1000,FIL1379,FIL1379,MYSUP0000001,INV,2026-06-03,2026-06-03,CLEARED,uuid-FIL1379,MYR,3487.50,279.00,3766.50,SST-S,MYF0001379,Filler 1379,false
1000,FIL1380,FIL1380,MYSUP0000001,INV,2026-06-04,2026-06-04,CLEARED,uuid-FIL1380,MYR,3500.00,280.00,3780.00,SST-S,MYF0001380,Filler 1380,false
1000,FIL1381,FIL1381,MYSUP0000001,INV,2026-06-05,2026-06-05,CLEARED,uuid-FIL1381,MYR,3512.50,281.00,3793.50,SST-S,MYF0001381,Filler 1381,false
1000,FIL1382,FIL1382,MYSUP0000001,INV,2026-06-06,2026-06-06,CLEARED,uuid-FIL1382,MYR,3525.00,282.00,3807.00,SST-S,MYF0001382,Filler 1382,false
1000,FIL1383,FIL1383,MYSUP0000001,INV,2026-06-07,2026-06-07,CLEARED,uuid-FIL1383,MYR,3537.50,283.00,3820.50,SST-S,MYF0001383,Filler 1383,false
1000,FIL1384,FIL1384,MYSUP0000001,INV,2026-06-08,2026-06-08,CLEARED,uuid-FIL1384,MYR,3550.00,284.00,3834.00,SST-S,MYF0001384,Filler 1384,false
1000,FIL1385,FIL1385,MYSUP0000001,INV,2026-06-09,2026-06-09,CLEARED,uuid-FIL1385,MYR,3562.50,285.00,3847.50,SST-S,MYF0001385,Filler 1385,false
1000,FIL1386,FIL1386,MYSUP0000001,INV,2026-06-10,2026-06-10,CLEARED,uuid-FIL1386,MYR,3575.00,286.00,3861.00,SST-S,MYF0001386,Filler 1386,false
1000,FIL1387,FIL1387,MYSUP0000001,INV,2026-06-11,2026-06-11,CLEARED,uuid-FIL1387,MYR,3587.50,287.00,3874.50,SST-S,MYF0001387,Filler 1387,false
1000,FIL1388,FIL1388,MYSUP0000001,INV,2026-06-12,2026-06-12,CLEARED,uuid-FIL1388,MYR,3600.00,288.00,3888.00,SST-S,MYF0001388,Filler 1388,false
1000,FIL1389,FIL1389,MYSUP0000001,INV,2026-06-13,2026-06-13,CLEARED,uuid-FIL1389,MYR,3612.50,289.00,3901.50,SST-S,MYF0001389,Filler 1389,false
1000,FIL1390,FIL1390,MYSUP0000001,INV,2026-06-14,2026-06-14,CLEARED,uuid-FIL1390,MYR,3625.00,290.00,3915.00,SST-S,MYF0001390,Filler 1390,false
1000,FIL1391,FIL1391,MYSUP0000001,INV,2026-06-15,2026-06-15,CLEARED,uuid-FIL1391,MYR,3637.50,291.00,3928.50,SST-S,MYF0001391,Filler 1391,false
1000,FIL1392,FIL1392,MYSUP0000001,INV,2026-06-16,2026-06-16,CLEARED,uuid-FIL1392,MYR,3650.00,292.00,3942.00,SST-S,MYF0001392,Filler 1392,false
1000,FIL1393,FIL1393,MYSUP0000001,INV,2026-06-17,2026-06-17,CLEARED,uuid-FIL1393,MYR,3662.50,293.00,3955.50,SST-S,MYF0001393,Filler 1393,false
1000,FIL1394,FIL1394,MYSUP0000001,INV,2026-06-18,2026-06-18,CLEARED,uuid-FIL1394,MYR,3675.00,294.00,3969.00,SST-S,MYF0001394,Filler 1394,false
1000,FIL1395,FIL1395,MYSUP0000001,INV,2026-06-19,2026-06-19,CLEARED,uuid-FIL1395,MYR,3687.50,295.00,3982.50,SST-S,MYF0001395,Filler 1395,false
1000,FIL1396,FIL1396,MYSUP0000001,INV,2026-06-20,2026-06-20,CLEARED,uuid-FIL1396,MYR,3700.00,296.00,3996.00,SST-S,MYF0001396,Filler 1396,false
1000,FIL1397,FIL1397,MYSUP0000001,INV,2026-06-21,2026-06-21,CLEARED,uuid-FIL1397,MYR,3712.50,297.00,4009.50,SST-S,MYF0001397,Filler 1397,false
1000,FIL1398,FIL1398,MYSUP0000001,INV,2026-06-22,2026-06-22,CLEARED,uuid-FIL1398,MYR,3725.00,298.00,4023.00,SST-S,MYF0001398,Filler 1398,false
