scenario_id,scenario_name,expected_cell,expected_bucket,expected_tier,expected_cardinality,gl_docs,ar_docs,einv_docs,expected_ambiguous,expected_min_alternatives
5,N_to_1_consolidated,E3,NON_CUSTOMER_SETTLED_SALE,T4,12:0:1,C5GL,,C5E00;C5E01;C5E02;C5E03;C5E04;C5E05;C5E06;C5E07;C5E08;C5E09;C5E10;C5E11,false,0
10,E3_cash_sale,E3,NON_CUSTOMER_SETTLED_SALE,T2,1:0:1,C10GL,,C10E,false,0
17,TCS_on_top,E3,NON_CUSTOMER_SETTLED_SALE,T3,1:0:1,C17GL,,C17E,false,0
3,worked_example_1_1_2,E1,ALIGNED,T4,1:1:2,C3WGL1;C3WGL2,C3WAR,C3WEI,false,0
7,degenerate_45_alternatives,E3,NON_CUSTOMER_SETTLED_SALE,T4,1:0:2,C7DEG00;C7DEG01;C7DEG02;C7DEG03;C7DEG04;C7DEG05;C7DEG06;C7DEG07;C7DEG08;C7DEG09,,C7DEGE,true,45
14,E6_receipt_clearing,E6,RECEIVABLE_MOVEMENT_ONLY,UNMATCHED,0:0:1,C14GL,,,false,0
2001,filler_cash_T2,E3,NON_CUSTOMER_SETTLED_SALE,T2,1:0:1,C2CF1,,C2CF1,false,0
2002,filler_cash_T2,E3,NON_CUSTOMER_SETTLED_SALE,T2,1:0:1,C2CF2,,C2CF2,false,0
2003,filler_cash_T2,E3,NON_CUSTOMER_SETTLED_SALE,T2,1:0:1,C2CF3,,C2CF3,false,0
2004,filler_cash_T2,E3,NON_CUSTOMER_SETTLED_SALE,T2,1:0:1,C2CF4,,C2CF4,false,0
2005,filler_cash_T2,E3,NON_CUSTOMER_SETTLED_SALE,T2,1:0:1,C2CF5,,C2CF5,false,0
2006,filler_cash_T2,E3,NON_CUSTOMER_SETTLED_SALE,T2,1:0:1,C2CF6,,C2CF6,false,0
2007,filler_cash_T2,E3,NON_CUSTOMER_SETTLED_SALE,T2,1:0:1,C2CF7,,C2CF7,false,0
2008,filler_cash_T2,E3,NON_CUSTOMER_SETTLED_SALE,T2,1:0:1,C2CF8,,C2CF8,false,0
2009,filler_cash_T2,E3,NON_CUSTOMER_SETTLED_SALE,T2,1:0:1,C2CF9,,C2CF9,false,0
2010,filler_cash_T2,E3,NON_CUSTOMER_SETTLED_SALE,T2,1:0:1,C2CF10,,C2CF10,false,0
2011,filler_cash_T2,E3,NON_CUSTOMER_SETTLED_SALE,T2,1:0:1,C2CF11,,C2CF11,false,0
2012,filler_cash_T2,E3,NON_CUSTOMER_SETTLED_SALE,T2,1:0:1,C2CF12,,C2CF12,false,0
2013,filler_cash_T2,E3,NON_CUSTOMER_SETTLED_SALE,T2,1:0:1,C2CF13,,C2CF13,false,0
2014,filler_cash_T2,E3,NON_CUSTOMER_SETTLED_SALE,T2,1:0:1,C2CF14,,C2CF14,false,0
2015,filler_cash_T2,E3,NON_CUSTOMER_SETTLED_SALE,T2,1:0:1,C2CF15,,C2CF15,false,0
2016,filler_cash_T2,E3,NON_CUSTOMER_SETTLED_SALE,T2,1:0:1,C2CF16,,C2CF16,false,0
2017,filler_cash_T2,E3,NON_CUSTOMER_SETTLED_SALE,T2,1:0:1,C2CF17,,C2CF17,false,0
2018,filler_cash_T2,E3,NON_CUSTOMER_SETTLED_SALE,T2,1:0:1,C2CF18,,C2CF18,false,0
2019,filler_cash_T2,E3,NON_CUSTOMER_SETTLED_SALE,T2,1:0:1,C2CF19,,C2CF19,false,0
2020,filler_cash_T2,E3,NON_CUSTOMER_SETTLED_SALE,T2,1:0:1,C2CF20,,C2CF20,false,0
2021,filler_cash_T2,E3,NON_CUSTOMER_SETTLED_SALE,T2,1:0:1,C2CF21,,C2CF21,false,0
2022,filler_cash_T2,E3,NON_CUSTOMER_SETTLED_SALE,T2,1:0:1,C2CF22,,C2CF22,false,0
2023,filler_cash_T2,E3,NON_CUSTOMER_SETTLED_SALE,T2,1:0:1,C2CF23,,C2CF23,false,0
2024,filler_cash_T2,E3,NON_CUSTOMER_SETTLED_SALE,T2,1:0:1,C2CF24,,C2CF24,false,0
2025,filler_cash_T2,E3,NON_CUSTOMER_SETTLED_SALE,T2,1:0:1,C2CF25,,C2CF25,false,0
2026,filler_cash_T2,E3,NON_CUSTOMER_SETTLED_SALE,T2,1:0:1,C2CF26,,C2CF26,false,0
2027,filler_cash_T2,E3,NON_CUSTOMER_SETTLED_SALE,T2,1:0:1,C2CF27,,C2CF27,false,0
2028,filler_cash_T2,E3,NON_CUSTOMER_SETTLED_SALE,T2,1:0:1,C2CF28,,C2CF28,false,0
2029,filler_cash_T2,E3,NON_CUSTOMER_SETTLED_SALE,T2,1:0:1,C2CF29,,C2CF29,false,0
2030,filler_cash_T2,E3,NON_CUSTOMER_SETTLED_SALE,T2,1:0:1,C2CF30,,C2CF30,false,0
2031,filler_cash_T2,E3,NON_CUSTOMER_SETTLED_SALE,T2,1:0:1,C2CF31,,C2CF31,false,0
2032,filler_cash_T2,E3,NON_CUSTOMER_SETTLED_SALE,T2,1:0:1,C2CF32,,C2CF32,false,0
2033,filler_cash_T2,E3,NON_CUSTOMER_SETTLED_SALE,T2,1:0:1,C2CF33,,C2CF33,false,0
2034,filler_cash_T2,E3,NON_CUSTOMER_SETTLED_SALE,T2,1:0:1,C2CF34,,C2CF34,false,0
2035,filler_cash_T2,E3,NON_CUSTOMER_SETTLED_SALE,T2,1:0:1,C2CF35,,C2CF35,false,0
2036,filler_cash_T2,E3,NON_CUSTOMER_SETTLED_SALE,T2,1:0:1,C2CF36,,C2CF36,false,0
2037,filler_cash_T2,E3,NON_CUSTOMER_SETTLED_SALE,T2,1:0:1,C2CF37,,C2CF37,false,0
2038,filler_cash_T2,E3,NON_CUSTOMER_SETTLED_SALE,T2,1:0:1,C2CF38,,C2CF38,false,0
2039,filler_cash_T2,E3,NON_CUSTOMER_SETTLED_SALE,T2,1:0:1,C2CF39,,C2CF39,false,0
2040,filler_cash_T2,E3,NON_CUSTOMER_SETTLED_SALE,T2,1:0:1,C2CF40,,C2CF40,false,0
2041,filler_cash_T2,E3,NON_CUSTOMER_SETTLED_SALE,T2,1:0:1,C2CF41,,C2CF41,false,0
2042,filler_cash_T2,E3,NON_CUSTOMER_SETTLED_SALE,T2,1:0:1,C2CF42,,C2CF42,false,0
2043,filler_cash_T2,E3,NON_CUSTOMER_SETTLED_SALE,T2,1:0:1,C2CF43,,C2CF43,false,0
2044,filler_cash_T2,E3,NON_CUSTOMER_SETTLED_SALE,T2,1:0:1,C2CF44,,C2CF44,false,0
2045,filler_cash_T2,E3,NON_CUSTOMER_SETTLED_SALE,T2,1:0:1,C2CF45,,C2CF45,false,0
2046,filler_cash_T2,E3,NON_CUSTOMER_SETTLED_SALE,T2,1:0:1,C2CF46,,C2CF46,false,0
2047,filler_cash_T2,E3,NON_CUSTOMER_SETTLED_SALE,T2,1:0:1,C2CF47,,C2CF47,false,0
2048,filler_cash_T2,E3,NON_CUSTOMER_SETTLED_SALE,T2,1:0:1,C2CF48,,C2CF48,false,0
2049,filler_cash_T2,E3,NON_CUSTOMER_SETTLED_SALE,T2,1:0:1,C2CF49,,C2CF49,false,0
2050,filler_cash_T2,E3,NON_CUSTOMER_SETTLED_SALE,T2,1:0:1,C2CF50,,C2CF50,false,0
2051,filler_cash_T2,E3,NON_CUSTOMER_SETTLED_SALE,T2,1:0:1,C2CF51,,C2CF51,false,0
2052,filler_cash_T2,E3,NON_CUSTOMER_SETTLED_SALE,T2,1:0:1,C2CF52,,C2CF52,false,0
2053,filler_cash_T2,E3,NON_CUSTOMER_SETTLED_SALE,T2,1:0:1,C2CF53,,C2CF53,false,0
2054,filler_cash_T2,E3,NON_CUSTOMER_SETTLED_SALE,T2,1:0:1,C2CF54,,C2CF54,false,0
2055,filler_cash_T2,E3,NON_CUSTOMER_SETTLED_SALE,T2,1:0:1,C2CF55,,C2CF55,false,0
2056,filler_cash_T2,E3,NON_CUSTOMER_SETTLED_SALE,T2,1:0:1,C2CF56,,C2CF56,false,0
2057,filler_cash_T2,E3,NON_CUSTOMER_SETTLED_SALE,T2,1:0:1,C2CF57,,C2CF57,false,0
2058,filler_cash_T2,E3,NON_CUSTOMER_SETTLED_SALE,T2,1:0:1,C2CF58,,C2CF58,false,0
2059,filler_cash_T2,E3,NON_CUSTOMER_SETTLED_SALE,T2,1:0:1,C2CF59,,C2CF59,false,0
2060,filler_cash_T2,E3,NON_CUSTOMER_SETTLED_SALE,T2,1:0:1,C2CF60,,C2CF60,false,0
2061,filler_cash_T2,E3,NON_CUSTOMER_SETTLED_SALE,T2,1:0:1,C2CF61,,C2CF61,false,0
2062,filler_cash_T2,E3,NON_CUSTOMER_SETTLED_SALE,T2,1:0:1,C2CF62,,C2CF62,false,0
2063,filler_cash_T2,E3,NON_CUSTOMER_SETTLED_SALE,T2,1:0:1,C2CF63,,C2CF63,false,0
2064,filler_cash_T2,E3,NON_CUSTOMER_SETTLED_SALE,T2,1:0:1,C2CF64,,C2CF64,false,0
2065,filler_cash_T2,E3,NON_CUSTOMER_SETTLED_SALE,T2,1:0:1,C2CF65,,C2CF65,false,0
2066,filler_cash_T2,E3,NON_CUSTOMER_SETTLED_SALE,T2,1:0:1,C2CF66,,C2CF66,false,0
2067,filler_cash_T2,E3,NON_CUSTOMER_SETTLED_SALE,T2,1:0:1,C2CF67,,C2CF67,false,0
2068,filler_cash_T2,E3,NON_CUSTOMER_SETTLED_SALE,T2,1:0:1,C2CF68,,C2CF68,false,0
2069,filler_cash_T2,E3,NON_CUSTOMER_SETTLED_SALE,T2,1:0:1,C2CF69,,C2CF69,false,0
2070,filler_cash_T2,E3,NON_CUSTOMER_SETTLED_SALE,T2,1:0:1,C2CF70,,C2CF70,false,0
2071,filler_cash_T2,E3,NON_CUSTOMER_SETTLED_SALE,T2,1:0:1,C2CF71,,C2CF71,false,0
2072,filler_cash_T2,E3,NON_CUSTOMER_SETTLED_SALE,T2,1:0:1,C2CF72,,C2CF72,false,0
2073,filler_cash_T2,E3,NON_CUSTOMER_SETTLED_SALE,T2,1:0:1,C2CF73,,C2CF73,false,0
2074,filler_cash_T2,E3,NON_CUSTOMER_SETTLED_SALE,T2,1:0:1,C2CF74,,C2CF74,false,0
2075,filler_cash_T2,E3,NON_CUSTOMER_SETTLED_SALE,T2,1:0:1,C2CF75,,C2CF75,false,0
2076,filler_cash_T2,E3,NON_CUSTOMER_SETTLED_SALE,T2,1:0:1,C2CF76,,C2CF76,false,0
2077,filler_cash_T2,E3,NON_CUSTOMER_SETTLED_SALE,T2,1:0:1,C2CF77,,C2CF77,false,0
2078,filler_cash_T2,E3,NON_CUSTOMER_SETTLED_SALE,T2,1:0:1,C2CF78,,C2CF78,false,0
2079,filler_cash_T2,E3,NON_CUSTOMER_SETTLED_SALE,T2,1:0:1,C2CF79,,C2CF79,false,0
2080,filler_cash_T2,E3,NON_CUSTOMER_SETTLED_SALE,T2,1:0:1,C2CF80,,C2CF80,false,0
2081,filler_cash_T2,E3,NON_CUSTOMER_SETTLED_SALE,T2,1:0:1,C2CF81,,C2CF81,false,0
2082,filler_cash_T2,E3,NON_CUSTOMER_SETTLED_SALE,T2,1:0:1,C2CF82,,C2CF82,false,0
2083,filler_cash_T2,E3,NON_CUSTOMER_SETTLED_SALE,T2,1:0:1,C2CF83,,C2CF83,false,0
2084,filler_cash_T2,E3,NON_CUSTOMER_SETTLED_SALE,T2,1:0:1,C2CF84,,C2CF84,false,0
2085,filler_cash_T2,E3,NON_CUSTOMER_SETTLED_SALE,T2,1:0:1,C2CF85,,C2CF85,false,0
2086,filler_cash_T2,E3,NON_CUSTOMER_SETTLED_SALE,T2,1:0:1,C2CF86,,C2CF86,false,0
2087,filler_cash_T2,E3,NON_CUSTOMER_SETTLED_SALE,T2,1:0:1,C2CF87,,C2CF87,false,0
2088,filler_cash_T2,E3,NON_CUSTOMER_SETTLED_SALE,T2,1:0:1,C2CF88,,C2CF88,false,0
2089,filler_cash_T2,E3,NON_CUSTOMER_SETTLED_SALE,T2,1:0:1,C2CF89,,C2CF89,false,0
2090,filler_cash_T2,E3,NON_CUSTOMER_SETTLED_SALE,T2,1:0:1,C2CF90,,C2CF90,false,0
2091,filler_cash_T2,E3,NON_CUSTOMER_SETTLED_SALE,T2,1:0:1,C2CF91,,C2CF91,false,0
2092,filler_cash_T2,E3,NON_CUSTOMER_SETTLED_SALE,T2,1:0:1,C2CF92,,C2CF92,false,0
2093,filler_cash_T2,E3,NON_CUSTOMER_SETTLED_SALE,T2,1:0:1,C2CF93,,C2CF93,false,0
2094,filler_cash_T2,E3,NON_CUSTOMER_SETTLED_SALE,T2,1:0:1,C2CF94,,C2CF94,false,0
2095,filler_cash_T2,E3,NON_CUSTOMER_SETTLED_SALE,T2,1:0:1,C2CF95,,C2CF95,false,0
2096,filler_cash_T2,E3,NON_CUSTOMER_SETTLED_SALE,T2,1:0:1,C2CF96,,C2CF96,false,0
2097,filler_cash_T2,E3,NON_CUSTOMER_SETTLED_SALE,T2,1:0:1,C2CF97,,C2CF97,false,0
2098,filler_cash_T2,E3,NON_CUSTOMER_SETTLED_SALE,T2,1:0:1,C2CF98,,C2CF98,false,0
2099,filler_cash_T2,E3,NON_CUSTOMER_SETTLED_SALE,T2,1:0:1,C2CF99,,C2CF99,false,0
2100,filler_cash_T2,E3,NON_CUSTOMER_SETTLED_SALE,T2,1:0:1,C2CF100,,C2CF100,false,0
2101,filler_cash_T2,E3,NON_CUSTOMER_SETTLED_SALE,T2,1:0:1,C2CF101,,C2CF101,false,0
2102,filler_cash_T2,E3,NON_CUSTOMER_SETTLED_SALE,T2,1:0:1,C2CF102,,C2CF102,false,0
2103,filler_cash_T2,E3,NON_CUSTOMER_SETTLED_SALE,T2,1:0:1,C2CF103,,C2CF103,false,0
2104,filler_cash_T2,E3,NON_CUSTOMER_SETTLED_SALE,T2,1:0:1,C2CF104,,C2CF104,false,0
2105,filler_cash_T2,E3,NON_CUSTOMER_SETTLED_SALE,T2,1:0:1,C2CF105,,C2CF105,false,0
2106,filler_cash_T2,E3,NON_CUSTOMER_SETTLED_SALE,T2,1:0:1,C2CF106,,C2CF106,false,0
2107,filler_cash_T2,E3,NON_CUSTOMER_SETTLED_SALE,T2,1:0:1,C2CF107,,C2CF107,false,0
2108,filler_cash_T2,E3,NON_CUSTOMER_SETTLED_SALE,T2,1:0:1,C2CF108,,C2CF108,false,0
2109,filler_cash_T2,E3,NON_CUSTOMER_SETTLED_SALE,T2,1:0:1,C2CF109,,C2CF109,false,0
2110,filler_cash_T2,E3,NON_CUSTOMER_SETTLED_SALE,T2,1:0:1,C2CF110,,C2CF110,false,0
2111,filler_cash_T2,E3,NON_CUSTOMER_SETTLED_SALE,T2,1:0:1,C2CF111,,C2CF111,false,0
2112,filler_cash_T2,E3,NON_CUSTOMER_SETTLED_SALE,T2,1:0:1,C2CF112,,C2CF112,false,0
2113,filler_cash_T2,E3,NON_CUSTOMER_SETTLED_SALE,T2,1:0:1,C2CF113,,C2CF113,false,0
2114,filler_cash_T2,E3,NON_CUSTOMER_SETTLED_SALE,T2,1:0:1,C2CF114,,C2CF114,false,0
2115,filler_cash_T2,E3,NON_CUSTOMER_SETTLED_SALE,T2,1:0:1,C2CF115,,C2CF115,false,0
2116,filler_cash_T2,E3,NON_CUSTOMER_SETTLED_SALE,T2,1:0:1,C2CF116,,C2CF116,false,0
2117,filler_cash_T2,E3,NON_CUSTOMER_SETTLED_SALE,T2,1:0:1,C2CF117,,C2CF117,false,0
2118,filler_cash_T2,E3,NON_CUSTOMER_SETTLED_SALE,T2,1:0:1,C2CF118,,C2CF118,false,0
2119,filler_cash_T2,E3,NON_CUSTOMER_SETTLED_SALE,T2,1:0:1,C2CF119,,C2CF119,false,0
2120,filler_cash_T2,E3,NON_CUSTOMER_SETTLED_SALE,T2,1:0:1,C2CF120,,C2CF120,false,0
2121,filler_cash_T2,E3,NON_CUSTOMER_SETTLED_SALE,T2,1:0:1,C2CF121,,C2CF121,false,0
2122,filler_cash_T2,E3,NON_CUSTOMER_SETTLED_SALE,T2,1:0:1,C2CF122,,C2CF122,false,0
2123,filler_cash_T2,E3,NON_CUSTOMER_SETTLED_SALE,T2,1:0:1,C2CF123,,C2CF123,false,0
2124,filler_cash_T2,E3,NON_CUSTOMER_SETTLED_SALE,T2,1:0:1,C2CF124,,C2CF124,false,0
2125,filler_cash_T2,E3,NON_CUSTOMER_SETTLED_SALE,T2,1:0:1,C2CF125,,C2CF125,false,0
2126,filler_cash_T2,E3,NON_CUSTOMER_SETTLED_SALE,T2,1:0:1,C2CF126,,C2CF126,false,0
2127,filler_cash_T2,E3,NON_CUSTOMER_SETTLED_SALE,T2,1:0:1,C2CF127,,C2CF127,false,0
2128,filler_cash_T2,E3,NON_CUSTOMER_SETTLED_SALE,T2,1:0:1,C2CF128,,C2CF128,false,0
2129,filler_cash_T2,E3,NON_CUSTOMER_SETTLED_SALE,T2,1:0:1,C2CF129,,C2CF129,false,0
2130,filler_cash_T2,E3,NON_CUSTOMER_SETTLED_SALE,T2,1:0:1,C2CF130,,C2CF130,false,0
2131,filler_cash_T2,E3,NON_CUSTOMER_SETTLED_SALE,T2,1:0:1,C2CF131,,C2CF131,false,0
2132,filler_cash_T2,E3,NON_CUSTOMER_SETTLED_SALE,T2,1:0:1,C2CF132,,C2CF132,false,0
2133,filler_cash_T2,E3,NON_CUSTOMER_SETTLED_SALE,T2,1:0:1,C2CF133,,C2CF133,false,0
2134,filler_cash_T2,E3,NON_CUSTOMER_SETTLED_SALE,T2,1:0:1,C2CF134,,C2CF134,false,0
2135,filler_cash_T2,E3,NON_CUSTOMER_SETTLED_SALE,T2,1:0:1,C2CF135,,C2CF135,false,0
2136,filler_cash_T2,E3,NON_CUSTOMER_SETTLED_SALE,T2,1:0:1,C2CF136,,C2CF136,false,0
2137,filler_cash_T2,E3,NON_CUSTOMER_SETTLED_SALE,T2,1:0:1,C2CF137,,C2CF137,false,0
2138,filler_cash_T2,E3,NON_CUSTOMER_SETTLED_SALE,T2,1:0:1,C2CF138,,C2CF138,false,0
2139,filler_cash_T2,E3,NON_CUSTOMER_SETTLED_SALE,T2,1:0:1,C2CF139,,C2CF139,false,0
2140,filler_cash_T2,E3,NON_CUSTOMER_SETTLED_SALE,T2,1:0:1,C2CF140,,C2CF140,false,0
2141,filler_cash_T2,E3,NON_CUSTOMER_SETTLED_SALE,T2,1:0:1,C2CF141,,C2CF141,false,0
2142,filler_cash_T2,E3,NON_CUSTOMER_SETTLED_SALE,T2,1:0:1,C2CF142,,C2CF142,false,0
2143,filler_cash_T2,E3,NON_CUSTOMER_SETTLED_SALE,T2,1:0:1,C2CF143,,C2CF143,false,0
2144,filler_cash_T2,E3,NON_CUSTOMER_SETTLED_SALE,T2,1:0:1,C2CF144,,C2CF144,false,0
2145,filler_cash_T2,E3,NON_CUSTOMER_SETTLED_SALE,T2,1:0:1,C2CF145,,C2CF145,false,0
2146,filler_cash_T2,E3,NON_CUSTOMER_SETTLED_SALE,T2,1:0:1,C2CF146,,C2CF146,false,0
2147,filler_cash_T2,E3,NON_CUSTOMER_SETTLED_SALE,T2,1:0:1,C2CF147,,C2CF147,false,0
2148,filler_cash_T2,E3,NON_CUSTOMER_SETTLED_SALE,T2,1:0:1,C2CF148,,C2CF148,false,0
2149,filler_cash_T2,E3,NON_CUSTOMER_SETTLED_SALE,T2,1:0:1,C2CF149,,C2CF149,false,0
2150,filler_cash_T2,E3,NON_CUSTOMER_SETTLED_SALE,T2,1:0:1,C2CF150,,C2CF150,false,0
2151,filler_cash_T2,E3,NON_CUSTOMER_SETTLED_SALE,T2,1:0:1,C2CF151,,C2CF151,false,0
2152,filler_cash_T2,E3,NON_CUSTOMER_SETTLED_SALE,T2,1:0:1,C2CF152,,C2CF152,false,0
2153,filler_cash_T2,E3,NON_CUSTOMER_SETTLED_SALE,T2,1:0:1,C2CF153,,C2CF153,false,0
2154,filler_cash_T2,E3,NON_CUSTOMER_SETTLED_SALE,T2,1:0:1,C2CF154,,C2CF154,false,0
2155,filler_cash_T2,E3,NON_CUSTOMER_SETTLED_SALE,T2,1:0:1,C2CF155,,C2CF155,false,0
2156,filler_cash_T2,E3,NON_CUSTOMER_SETTLED_SALE,T2,1:0:1,C2CF156,,C2CF156,false,0
2157,filler_cash_T2,E3,NON_CUSTOMER_SETTLED_SALE,T2,1:0:1,C2CF157,,C2CF157,false,0
2158,filler_cash_T2,E3,NON_CUSTOMER_SETTLED_SALE,T2,1:0:1,C2CF158,,C2CF158,false,0
2159,filler_cash_T2,E3,NON_CUSTOMER_SETTLED_SALE,T2,1:0:1,C2CF159,,C2CF159,false,0
2160,filler_cash_T2,E3,NON_CUSTOMER_SETTLED_SALE,T2,1:0:1,C2CF160,,C2CF160,false,0
2161,filler_cash_T2,E3,NON_CUSTOMER_SETTLED_SALE,T2,1:0:1,C2CF161,,C2CF161,false,0
2162,filler_cash_T2,E3,NON_CUSTOMER_SETTLED_SALE,T2,1:0:1,C2CF162,,C2CF162,false,0
2163,filler_cash_T2,E3,NON_CUSTOMER_SETTLED_SALE,T2,1:0:1,C2CF163,,C2CF163,false,0
2164,filler_cash_T2,E3,NON_CUSTOMER_SETTLED_SALE,T2,1:0:1,C2CF164,,C2CF164,false,0
2165,filler_cash_T2,E3,NON_CUSTOMER_SETTLED_SALE,T2,1:0:1,C2CF165,,C2CF165,false,0
2166,filler_cash_T2,E3,NON_CUSTOMER_SETTLED_SALE,T2,1:0:1,C2CF166,,C2CF166,false,0
2167,filler_cash_T2,E3,NON_CUSTOMER_SETTLED_SALE,T2,1:0:1,C2CF167,,C2CF167,false,0
2168,filler_cash_T2,E3,NON_CUSTOMER_SETTLED_SALE,T2,1:0:1,C2CF168,,C2CF168,false,0
2169,filler_cash_T2,E3,NON_CUSTOMER_SETTLED_SALE,T2,1:0:1,C2CF169,,C2CF169,false,0
2170,filler_cash_T2,E3,NON_CUSTOMER_SETTLED_SALE,T2,1:0:1,C2CF170,,C2CF170,false,0
2171,filler_cash_T2,E3,NON_CUSTOMER_SETTLED_SALE,T2,1:0:1,C2CF171,,C2CF171,false,0
2172,filler_cash_T2,E3,NON_CUSTOMER_SETTLED_SALE,T2,1:0:1,C2CF172,,C2CF172,false,0
2173,filler_cash_T2,E3,NON_CUSTOMER_SETTLED_SALE,T2,1:0:1,C2CF173,,C2CF173,false,0
2174,filler_cash_T2,E3,NON_CUSTOMER_SETTLED_SALE,T2,1:0:1,C2CF174,,C2CF174,false,0
2175,filler_cash_T2,E3,NON_CUSTOMER_SETTLED_SALE,T2,1:0:1,C2CF175,,C2CF175,false,0
2176,filler_cash_T2,E3,NON_CUSTOMER_SETTLED_SALE,T2,1:0:1,C2CF176,,C2CF176,false,0
2177,filler_cash_T2,E3,NON_CUSTOMER_SETTLED_SALE,T2,1:0:1,C2CF177,,C2CF177,false,0
2178,filler_cash_T2,E3,NON_CUSTOMER_SETTLED_SALE,T2,1:0:1,C2CF178,,C2CF178,false,0
2179,filler_cash_T2,E3,NON_CUSTOMER_SETTLED_SALE,T2,1:0:1,C2CF179,,C2CF179,false,0
2180,filler_cash_T2,E3,NON_CUSTOMER_SETTLED_SALE,T2,1:0:1,C2CF180,,C2CF180,false,0
2181,filler_cash_T2,E3,NON_CUSTOMER_SETTLED_SALE,T2,1:0:1,C2CF181,,C2CF181,false,0
2182,filler_cash_T2,E3,NON_CUSTOMER_SETTLED_SALE,T2,1:0:1,C2CF182,,C2CF182,false,0
2183,filler_cash_T2,E3,NON_CUSTOMER_SETTLED_SALE,T2,1:0:1,C2CF183,,C2CF183,false,0
2184,filler_cash_T2,E3,NON_CUSTOMER_SETTLED_SALE,T2,1:0:1,C2CF184,,C2CF184,false,0
2185,filler_cash_T2,E3,NON_CUSTOMER_SETTLED_SALE,T2,1:0:1,C2CF185,,C2CF185,false,0
2186,filler_cash_T2,E3,NON_CUSTOMER_SETTLED_SALE,T2,1:0:1,C2CF186,,C2CF186,false,0
2187,filler_cash_T2,E3,NON_CUSTOMER_SETTLED_SALE,T2,1:0:1,C2CF187,,C2CF187,false,0
2188,filler_cash_T2,E3,NON_CUSTOMER_SETTLED_SALE,T2,1:0:1,C2CF188,,C2CF188,false,0
2189,filler_cash_T2,E3,NON_CUSTOMER_SETTLED_SALE,T2,1:0:1,C2CF189,,C2CF189,false,0
2190,filler_cash_T2,E3,NON_CUSTOMER_SETTLED_SALE,T2,1:0:1,C2CF190,,C2CF190,false,0
2191,filler_cash_T2,E3,NON_CUSTOMER_SETTLED_SALE,T2,1:0:1,C2CF191,,C2CF191,false,0
2192,filler_cash_T2,E3,NON_CUSTOMER_SETTLED_SALE,T2,1:0:1,C2CF192,,C2CF192,false,0
2193,filler_cash_T2,E3,NON_CUSTOMER_SETTLED_SALE,T2,1:0:1,C2CF193,,C2CF193,false,0
2194,filler_cash_T2,E3,NON_CUSTOMER_SETTLED_SALE,T2,1:0:1,C2CF194,,C2CF194,false,0
2195,filler_cash_T2,E3,NON_CUSTOMER_SETTLED_SALE,T2,1:0:1,C2CF195,,C2CF195,false,0
2196,filler_cash_T2,E3,NON_CUSTOMER_SETTLED_SALE,T2,1:0:1,C2CF196,,C2CF196,false,0
2197,filler_cash_T2,E3,NON_CUSTOMER_SETTLED_SALE,T2,1:0:1,C2CF197,,C2CF197,false,0
2198,filler_cash_T2,E3,NON_CUSTOMER_SETTLED_SALE,T2,1:0:1,C2CF198,,C2CF198,false,0
2199,filler_cash_T2,E3,NON_CUSTOMER_SETTLED_SALE,T2,1:0:1,C2CF199,,C2CF199,false,0
2200,filler_cash_T2,E3,NON_CUSTOMER_SETTLED_SALE,T2,1:0:1,C2CF200,,C2CF200,false,0
2201,filler_cash_T2,E3,NON_CUSTOMER_SETTLED_SALE,T2,1:0:1,C2CF201,,C2CF201,false,0
2202,filler_cash_T2,E3,NON_CUSTOMER_SETTLED_SALE,T2,1:0:1,C2CF202,,C2CF202,false,0
2203,filler_cash_T2,E3,NON_CUSTOMER_SETTLED_SALE,T2,1:0:1,C2CF203,,C2CF203,false,0
2204,filler_cash_T2,E3,NON_CUSTOMER_SETTLED_SALE,T2,1:0:1,C2CF204,,C2CF204,false,0
2205,filler_cash_T2,E3,NON_CUSTOMER_SETTLED_SALE,T2,1:0:1,C2CF205,,C2CF205,false,0
2206,filler_cash_T2,E3,NON_CUSTOMER_SETTLED_SALE,T2,1:0:1,C2CF206,,C2CF206,false,0
2207,filler_cash_T2,E3,NON_CUSTOMER_SETTLED_SALE,T2,1:0:1,C2CF207,,C2CF207,false,0
2208,filler_cash_T2,E3,NON_CUSTOMER_SETTLED_SALE,T2,1:0:1,C2CF208,,C2CF208,false,0
2209,filler_cash_T2,E3,NON_CUSTOMER_SETTLED_SALE,T2,1:0:1,C2CF209,,C2CF209,false,0
2210,filler_cash_T2,E3,NON_CUSTOMER_SETTLED_SALE,T2,1:0:1,C2CF210,,C2CF210,false,0
2211,filler_cash_T2,E3,NON_CUSTOMER_SETTLED_SALE,T2,1:0:1,C2CF211,,C2CF211,false,0
2212,filler_cash_T2,E3,NON_CUSTOMER_SETTLED_SALE,T2,1:0:1,C2CF212,,C2CF212,false,0
2213,filler_cash_T2,E3,NON_CUSTOMER_SETTLED_SALE,T2,1:0:1,C2CF213,,C2CF213,false,0
2214,filler_cash_T2,E3,NON_CUSTOMER_SETTLED_SALE,T2,1:0:1,C2CF214,,C2CF214,false,0
2215,filler_cash_T2,E3,NON_CUSTOMER_SETTLED_SALE,T2,1:0:1,C2CF215,,C2CF215,false,0
2216,filler_cash_T2,E3,NON_CUSTOMER_SETTLED_SALE,T2,1:0:1,C2CF216,,C2CF216,false,0
2217,filler_cash_T2,E3,NON_CUSTOMER_SETTLED_SALE,T2,1:0:1,C2CF217,,C2CF217,false,0
2218,filler_cash_T2,E3,NON_CUSTOMER_SETTLED_SALE,T2,1:0:1,C2CF218,,C2CF218,false,0
2219,filler_cash_T2,E3,NON_CUSTOMER_SETTLED_SALE,T2,1:0:1,C2CF219,,C2CF219,false,0
2220,filler_cash_T2,E3,NON_CUSTOMER_SETTLED_SALE,T2,1:0:1,C2CF220,,C2CF220,false,0
2221,filler_cash_T2,E3,NON_CUSTOMER_SETTLED_SALE,T2,1:0:1,C2CF221,,C2CF221,false,0
2222,filler_cash_T2,E3,NON_CUSTOMER_SETTLED_SALE,T2,1:0:1,C2CF222,,C2CF222,false,0
2223,filler_cash_T2,E3,NON_CUSTOMER_SETTLED_SALE,T2,1:0:1,C2CF223,,C2CF223,false,0
2224,filler_cash_T2,E3,NON_CUSTOMER_SETTLED_SALE,T2,1:0:1,C2CF224,,C2CF224,false,0
2225,filler_cash_T2,E3,NON_CUSTOMER_SETTLED_SALE,T2,1:0:1,C2CF225,,C2CF225,false,0
2226,filler_cash_T2,E3,NON_CUSTOMER_SETTLED_SALE,T2,1:0:1,C2CF226,,C2CF226,false,0
2227,filler_cash_T2,E3,NON_CUSTOMER_SETTLED_SALE,T2,1:0:1,C2CF227,,C2CF227,false,0
2228,filler_cash_T2,E3,NON_CUSTOMER_SETTLED_SALE,T2,1:0:1,C2CF228,,C2CF228,false,0
2229,filler_cash_T2,E3,NON_CUSTOMER_SETTLED_SALE,T2,1:0:1,C2CF229,,C2CF229,false,0
2230,filler_cash_T2,E3,NON_CUSTOMER_SETTLED_SALE,T2,1:0:1,C2CF230,,C2CF230,false,0
2231,filler_cash_T2,E3,NON_CUSTOMER_SETTLED_SALE,T2,1:0:1,C2CF231,,C2CF231,false,0
2232,filler_cash_T2,E3,NON_CUSTOMER_SETTLED_SALE,T2,1:0:1,C2CF232,,C2CF232,false,0
2233,filler_cash_T2,E3,NON_CUSTOMER_SETTLED_SALE,T2,1:0:1,C2CF233,,C2CF233,false,0
2234,filler_cash_T2,E3,NON_CUSTOMER_SETTLED_SALE,T2,1:0:1,C2CF234,,C2CF234,false,0
2235,filler_cash_T2,E3,NON_CUSTOMER_SETTLED_SALE,T2,1:0:1,C2CF235,,C2CF235,false,0
2236,filler_cash_T2,E3,NON_CUSTOMER_SETTLED_SALE,T2,1:0:1,C2CF236,,C2CF236,false,0
2237,filler_cash_T2,E3,NON_CUSTOMER_SETTLED_SALE,T2,1:0:1,C2CF237,,C2CF237,false,0
2238,filler_cash_T2,E3,NON_CUSTOMER_SETTLED_SALE,T2,1:0:1,C2CF238,,C2CF238,false,0
2239,filler_cash_T2,E3,NON_CUSTOMER_SETTLED_SALE,T2,1:0:1,C2CF239,,C2CF239,false,0
2240,filler_cash_T2,E3,NON_CUSTOMER_SETTLED_SALE,T2,1:0:1,C2CF240,,C2CF240,false,0
2241,filler_cash_T2,E3,NON_CUSTOMER_SETTLED_SALE,T2,1:0:1,C2CF241,,C2CF241,false,0
2242,filler_cash_T2,E3,NON_CUSTOMER_SETTLED_SALE,T2,1:0:1,C2CF242,,C2CF242,false,0
2243,filler_cash_T2,E3,NON_CUSTOMER_SETTLED_SALE,T2,1:0:1,C2CF243,,C2CF243,false,0
2244,filler_cash_T2,E3,NON_CUSTOMER_SETTLED_SALE,T2,1:0:1,C2CF244,,C2CF244,false,0
2245,filler_cash_T2,E3,NON_CUSTOMER_SETTLED_SALE,T2,1:0:1,C2CF245,,C2CF245,false,0
2246,filler_cash_T2,E3,NON_CUSTOMER_SETTLED_SALE,T2,1:0:1,C2CF246,,C2CF246,false,0
2247,filler_cash_T2,E3,NON_CUSTOMER_SETTLED_SALE,T2,1:0:1,C2CF247,,C2CF247,false,0
2248,filler_cash_T2,E3,NON_CUSTOMER_SETTLED_SALE,T2,1:0:1,C2CF248,,C2CF248,false,0
2249,filler_cash_T2,E3,NON_CUSTOMER_SETTLED_SALE,T2,1:0:1,C2CF249,,C2CF249,false,0
2250,filler_cash_T2,E3,NON_CUSTOMER_SETTLED_SALE,T2,1:0:1,C2CF250,,C2CF250,false,0
2251,filler_cash_T2,E3,NON_CUSTOMER_SETTLED_SALE,T2,1:0:1,C2CF251,,C2CF251,false,0
2252,filler_cash_T2,E3,NON_CUSTOMER_SETTLED_SALE,T2,1:0:1,C2CF252,,C2CF252,false,0
2253,filler_cash_T2,E3,NON_CUSTOMER_SETTLED_SALE,T2,1:0:1,C2CF253,,C2CF253,false,0
2254,filler_cash_T2,E3,NON_CUSTOMER_SETTLED_SALE,T2,1:0:1,C2CF254,,C2CF254,false,0
2255,filler_cash_T2,E3,NON_CUSTOMER_SETTLED_SALE,T2,1:0:1,C2CF255,,C2CF255,false,0
2256,filler_cash_T2,E3,NON_CUSTOMER_SETTLED_SALE,T2,1:0:1,C2CF256,,C2CF256,false,0
2257,filler_cash_T2,E3,NON_CUSTOMER_SETTLED_SALE,T2,1:0:1,C2CF257,,C2CF257,false,0
2258,filler_cash_T2,E3,NON_CUSTOMER_SETTLED_SALE,T2,1:0:1,C2CF258,,C2CF258,false,0
2259,filler_cash_T2,E3,NON_CUSTOMER_SETTLED_SALE,T2,1:0:1,C2CF259,,C2CF259,false,0
2260,filler_cash_T2,E3,NON_CUSTOMER_SETTLED_SALE,T2,1:0:1,C2CF260,,C2CF260,false,0
2261,filler_cash_T2,E3,NON_CUSTOMER_SETTLED_SALE,T2,1:0:1,C2CF261,,C2CF261,false,0
2262,filler_cash_T2,E3,NON_CUSTOMER_SETTLED_SALE,T2,1:0:1,C2CF262,,C2CF262,false,0
2263,filler_cash_T2,E3,NON_CUSTOMER_SETTLED_SALE,T2,1:0:1,C2CF263,,C2CF263,false,0
2264,filler_cash_T2,E3,NON_CUSTOMER_SETTLED_SALE,T2,1:0:1,C2CF264,,C2CF264,false,0
2265,filler_cash_T2,E3,NON_CUSTOMER_SETTLED_SALE,T2,1:0:1,C2CF265,,C2CF265,false,0
2266,filler_cash_T2,E3,NON_CUSTOMER_SETTLED_SALE,T2,1:0:1,C2CF266,,C2CF266,false,0
2267,filler_cash_T2,E3,NON_CUSTOMER_SETTLED_SALE,T2,1:0:1,C2CF267,,C2CF267,false,0
2268,filler_cash_T2,E3,NON_CUSTOMER_SETTLED_SALE,T2,1:0:1,C2CF268,,C2CF268,false,0
2269,filler_cash_T2,E3,NON_CUSTOMER_SETTLED_SALE,T2,1:0:1,C2CF269,,C2CF269,false,0
2270,filler_cash_T2,E3,NON_CUSTOMER_SETTLED_SALE,T2,1:0:1,C2CF270,,C2CF270,false,0
2271,filler_cash_T2,E3,NON_CUSTOMER_SETTLED_SALE,T2,1:0:1,C2CF271,,C2CF271,false,0
2272,filler_cash_T2,E3,NON_CUSTOMER_SETTLED_SALE,T2,1:0:1,C2CF272,,C2CF272,false,0
2273,filler_cash_T2,E3,NON_CUSTOMER_SETTLED_SALE,T2,1:0:1,C2CF273,,C2CF273,false,0
2274,filler_cash_T2,E3,NON_CUSTOMER_SETTLED_SALE,T2,1:0:1,C2CF274,,C2CF274,false,0
2275,filler_cash_T2,E3,NON_CUSTOMER_SETTLED_SALE,T2,1:0:1,C2CF275,,C2CF275,false,0
2276,filler_cash_T2,E3,NON_CUSTOMER_SETTLED_SALE,T2,1:0:1,C2CF276,,C2CF276,false,0
2277,filler_cash_T2,E3,NON_CUSTOMER_SETTLED_SALE,T2,1:0:1,C2CF277,,C2CF277,false,0
2278,filler_cash_T2,E3,NON_CUSTOMER_SETTLED_SALE,T2,1:0:1,C2CF278,,C2CF278,false,0
2279,filler_cash_T2,E3,NON_CUSTOMER_SETTLED_SALE,T2,1:0:1,C2CF279,,C2CF279,false,0
2280,filler_cash_T2,E3,NON_CUSTOMER_SETTLED_SALE,T2,1:0:1,C2CF280,,C2CF280,false,0
2281,filler_cash_T2,E3,NON_CUSTOMER_SETTLED_SALE,T2,1:0:1,C2CF281,,C2CF281,false,0
2282,filler_cash_T2,E3,NON_CUSTOMER_SETTLED_SALE,T2,1:0:1,C2CF282,,C2CF282,false,0
2283,filler_cash_T2,E3,NON_CUSTOMER_SETTLED_SALE,T2,1:0:1,C2CF283,,C2CF283,false,0
2284,filler_cash_T2,E3,NON_CUSTOMER_SETTLED_SALE,T2,1:0:1,C2CF284,,C2CF284,false,0
2285,filler_cash_T2,E3,NON_CUSTOMER_SETTLED_SALE,T2,1:0:1,C2CF285,,C2CF285,false,0
2286,filler_cash_T2,E3,NON_CUSTOMER_SETTLED_SALE,T2,1:0:1,C2CF286,,C2CF286,false,0
2287,filler_cash_T2,E3,NON_CUSTOMER_SETTLED_SALE,T2,1:0:1,C2CF287,,C2CF287,false,0
2288,filler_cash_T2,E3,NON_CUSTOMER_SETTLED_SALE,T2,1:0:1,C2CF288,,C2CF288,false,0
2289,filler_cash_T2,E3,NON_CUSTOMER_SETTLED_SALE,T2,1:0:1,C2CF289,,C2CF289,false,0
2290,filler_cash_T2,E3,NON_CUSTOMER_SETTLED_SALE,T2,1:0:1,C2CF290,,C2CF290,false,0
2291,filler_cash_T2,E3,NON_CUSTOMER_SETTLED_SALE,T2,1:0:1,C2CF291,,C2CF291,false,0
2292,filler_cash_T2,E3,NON_CUSTOMER_SETTLED_SALE,T2,1:0:1,C2CF292,,C2CF292,false,0
2293,filler_cash_T2,E3,NON_CUSTOMER_SETTLED_SALE,T2,1:0:1,C2CF293,,C2CF293,false,0
2294,filler_cash_T2,E3,NON_CUSTOMER_SETTLED_SALE,T2,1:0:1,C2CF294,,C2CF294,false,0
2295,filler_cash_T2,E3,NON_CUSTOMER_SETTLED_SALE,T2,1:0:1,C2CF295,,C2CF295,false,0
2296,filler_cash_T2,E3,NON_CUSTOMER_SETTLED_SALE,T2,1:0:1,C2CF296,,C2CF296,false,0
2297,filler_cash_T2,E3,NON_CUSTOMER_SETTLED_SALE,T2,1:0:1,C2CF297,,C2CF297,false,0
2298,filler_cash_T2,E3,NON_CUSTOMER_SETTLED_SALE,T2,1:0:1,C2CF298,,C2CF298,false,0
2299,filler_cash_T2,E3,NON_CUSTOMER_SETTLED_SALE,T2,1:0:1,C2CF299,,C2CF299,false,0
2300,filler_cash_T2,E3,NON_CUSTOMER_SETTLED_SALE,T2,1:0:1,C2CF300,,C2CF300,false,0
2301,filler_cash_T2,E3,NON_CUSTOMER_SETTLED_SALE,T2,1:0:1,C2CF301,,C2CF301,false,0
2302,filler_cash_T2,E3,NON_CUSTOMER_SETTLED_SALE,T2,1:0:1,C2CF302,,C2CF302,false,0
2303,filler_cash_T2,E3,NON_CUSTOMER_SETTLED_SALE,T2,1:0:1,C2CF303,,C2CF303,false,0
2304,filler_cash_T2,E3,NON_CUSTOMER_SETTLED_SALE,T2,1:0:1,C2CF304,,C2CF304,false,0
2305,filler_cash_T2,E3,NON_CUSTOMER_SETTLED_SALE,T2,1:0:1,C2CF305,,C2CF305,false,0
2306,filler_cash_T2,E3,NON_CUSTOMER_SETTLED_SALE,T2,1:0:1,C2CF306,,C2CF306,false,0
2307,filler_cash_T2,E3,NON_CUSTOMER_SETTLED_SALE,T2,1:0:1,C2CF307,,C2CF307,false,0
2308,filler_cash_T2,E3,NON_CUSTOMER_SETTLED_SALE,T2,1:0:1,C2CF308,,C2CF308,false,0
2309,filler_cash_T2,E3,NON_CUSTOMER_SETTLED_SALE,T2,1:0:1,C2CF309,,C2CF309,false,0
2310,filler_cash_T2,E3,NON_CUSTOMER_SETTLED_SALE,T2,1:0:1,C2CF310,,C2CF310,false,0
2311,filler_cash_T2,E3,NON_CUSTOMER_SETTLED_SALE,T2,1:0:1,C2CF311,,C2CF311,false,0
2312,filler_cash_T2,E3,NON_CUSTOMER_SETTLED_SALE,T2,1:0:1,C2CF312,,C2CF312,false,0
2313,filler_cash_T2,E3,NON_CUSTOMER_SETTLED_SALE,T2,1:0:1,C2CF313,,C2CF313,false,0
2314,filler_cash_T2,E3,NON_CUSTOMER_SETTLED_SALE,T2,1:0:1,C2CF314,,C2CF314,false,0
2315,filler_cash_T2,E3,NON_CUSTOMER_SETTLED_SALE,T2,1:0:1,C2CF315,,C2CF315,false,0
2316,filler_cash_T2,E3,NON_CUSTOMER_SETTLED_SALE,T2,1:0:1,C2CF316,,C2CF316,false,0
2317,filler_cash_T2,E3,NON_CUSTOMER_SETTLED_SALE,T2,1:0:1,C2CF317,,C2CF317,false,0
2318,filler_cash_T2,E3,NON_CUSTOMER_SETTLED_SALE,T2,1:0:1,C2CF318,,C2CF318,false,0
2319,filler_cash_T2,E3,NON_CUSTOMER_SETTLED_SALE,T2,1:0:1,C2CF319,,C2CF319,false,0
2320,filler_cash_T2,E3,NON_CUSTOMER_SETTLED_SALE,T2,1:0:1,C2CF320,,C2CF320,false,0
2321,filler_cash_T2,E3,NON_CUSTOMER_SETTLED_SALE,T2,1:0:1,C2CF321,,C2CF321,false,0
2322,filler_cash_T2,E3,NON_CUSTOMER_SETTLED_SALE,T2,1:0:1,C2CF322,,C2CF322,false,0
2323,filler_cash_T2,E3,NON_CUSTOMER_SETTLED_SALE,T2,1:0:1,C2CF323,,C2CF323,false,0
2324,filler_cash_T2,E3,NON_CUSTOMER_SETTLED_SALE,T2,1:0:1,C2CF324,,C2CF324,false,0
2325,filler_cash_T2,E3,NON_CUSTOMER_SETTLED_SALE,T2,1:0:1,C2CF325,,C2CF325,false,0
2326,filler_cash_T2,E3,NON_CUSTOMER_SETTLED_SALE,T2,1:0:1,C2CF326,,C2CF326,false,0
2327,filler_cash_T2,E3,NON_CUSTOMER_SETTLED_SALE,T2,1:0:1,C2CF327,,C2CF327,false,0
2328,filler_cash_T2,E3,NON_CUSTOMER_SETTLED_SALE,T2,1:0:1,C2CF328,,C2CF328,false,0
2329,filler_cash_T2,E3,NON_CUSTOMER_SETTLED_SALE,T2,1:0:1,C2CF329,,C2CF329,false,0
2330,filler_cash_T2,E3,NON_CUSTOMER_SETTLED_SALE,T2,1:0:1,C2CF330,,C2CF330,false,0
2331,filler_cash_T2,E3,NON_CUSTOMER_SETTLED_SALE,T2,1:0:1,C2CF331,,C2CF331,false,0
2332,filler_cash_T2,E3,NON_CUSTOMER_SETTLED_SALE,T2,1:0:1,C2CF332,,C2CF332,false,0
2333,filler_cash_T2,E3,NON_CUSTOMER_SETTLED_SALE,T2,1:0:1,C2CF333,,C2CF333,false,0
2334,filler_cash_T2,E3,NON_CUSTOMER_SETTLED_SALE,T2,1:0:1,C2CF334,,C2CF334,false,0
2335,filler_cash_T2,E3,NON_CUSTOMER_SETTLED_SALE,T2,1:0:1,C2CF335,,C2CF335,false,0
2336,filler_cash_T2,E3,NON_CUSTOMER_SETTLED_SALE,T2,1:0:1,C2CF336,,C2CF336,false,0
2337,filler_cash_T2,E3,NON_CUSTOMER_SETTLED_SALE,T2,1:0:1,C2CF337,,C2CF337,false,0
2338,filler_cash_T2,E3,NON_CUSTOMER_SETTLED_SALE,T2,1:0:1,C2CF338,,C2CF338,false,0
2339,filler_cash_T2,E3,NON_CUSTOMER_SETTLED_SALE,T2,1:0:1,C2CF339,,C2CF339,false,0
2340,filler_cash_T2,E3,NON_CUSTOMER_SETTLED_SALE,T2,1:0:1,C2CF340,,C2CF340,false,0
2341,filler_cash_T2,E3,NON_CUSTOMER_SETTLED_SALE,T2,1:0:1,C2CF341,,C2CF341,false,0
2342,filler_cash_T2,E3,NON_CUSTOMER_SETTLED_SALE,T2,1:0:1,C2CF342,,C2CF342,false,0
2343,filler_cash_T2,E3,NON_CUSTOMER_SETTLED_SALE,T2,1:0:1,C2CF343,,C2CF343,false,0
2344,filler_cash_T2,E3,NON_CUSTOMER_SETTLED_SALE,T2,1:0:1,C2CF344,,C2CF344,false,0
2345,filler_cash_T2,E3,NON_CUSTOMER_SETTLED_SALE,T2,1:0:1,C2CF345,,C2CF345,false,0
2346,filler_cash_T2,E3,NON_CUSTOMER_SETTLED_SALE,T2,1:0:1,C2CF346,,C2CF346,false,0
2347,filler_cash_T2,E3,NON_CUSTOMER_SETTLED_SALE,T2,1:0:1,C2CF347,,C2CF347,false,0
2348,filler_cash_T2,E3,NON_CUSTOMER_SETTLED_SALE,T2,1:0:1,C2CF348,,C2CF348,false,0
2349,filler_cash_T2,E3,NON_CUSTOMER_SETTLED_SALE,T2,1:0:1,C2CF349,,C2CF349,false,0
2350,filler_cash_T2,E3,NON_CUSTOMER_SETTLED_SALE,T2,1:0:1,C2CF350,,C2CF350,false,0
2351,filler_cash_T2,E3,NON_CUSTOMER_SETTLED_SALE,T2,1:0:1,C2CF351,,C2CF351,false,0
2352,filler_cash_T2,E3,NON_CUSTOMER_SETTLED_SALE,T2,1:0:1,C2CF352,,C2CF352,false,0
2353,filler_cash_T2,E3,NON_CUSTOMER_SETTLED_SALE,T2,1:0:1,C2CF353,,C2CF353,false,0
2354,filler_cash_T2,E3,NON_CUSTOMER_SETTLED_SALE,T2,1:0:1,C2CF354,,C2CF354,false,0
2355,filler_cash_T2,E3,NON_CUSTOMER_SETTLED_SALE,T2,1:0:1,C2CF355,,C2CF355,false,0
2356,filler_cash_T2,E3,NON_CUSTOMER_SETTLED_SALE,T2,1:0:1,C2CF356,,C2CF356,false,0
2357,filler_cash_T2,E3,NON_CUSTOMER_SETTLED_SALE,T2,1:0:1,C2CF357,,C2CF357,false,0
2358,filler_cash_T2,E3,NON_CUSTOMER_SETTLED_SALE,T2,1:0:1,C2CF358,,C2CF358,false,0
2359,filler_cash_T2,E3,NON_CUSTOMER_SETTLED_SALE,T2,1:0:1,C2CF359,,C2CF359,false,0
2360,filler_cash_T2,E3,NON_CUSTOMER_SETTLED_SALE,T2,1:0:1,C2CF360,,C2CF360,false,0
2361,filler_cash_T2,E3,NON_CUSTOMER_SETTLED_SALE,T2,1:0:1,C2CF361,,C2CF361,false,0
2362,filler_cash_T2,E3,NON_CUSTOMER_SETTLED_SALE,T2,1:0:1,C2CF362,,C2CF362,false,0
2363,filler_cash_T2,E3,NON_CUSTOMER_SETTLED_SALE,T2,1:0:1,C2CF363,,C2CF363,false,0
2364,filler_cash_T2,E3,NON_CUSTOMER_SETTLED_SALE,T2,1:0:1,C2CF364,,C2CF364,false,0
2365,filler_cash_T2,E3,NON_CUSTOMER_SETTLED_SALE,T2,1:0:1,C2CF365,,C2CF365,false,0
2366,filler_cash_T2,E3,NON_CUSTOMER_SETTLED_SALE,T2,1:0:1,C2CF366,,C2CF366,false,0
2367,filler_cash_T2,E3,NON_CUSTOMER_SETTLED_SALE,T2,1:0:1,C2CF367,,C2CF367,false,0
2368,filler_cash_T2,E3,NON_CUSTOMER_SETTLED_SALE,T2,1:0:1,C2CF368,,C2CF368,false,0
2369,filler_cash_T2,E3,NON_CUSTOMER_SETTLED_SALE,T2,1:0:1,C2CF369,,C2CF369,false,0
2370,filler_cash_T2,E3,NON_CUSTOMER_SETTLED_SALE,T2,1:0:1,C2CF370,,C2CF370,false,0
2371,filler_cash_T2,E3,NON_CUSTOMER_SETTLED_SALE,T2,1:0:1,C2CF371,,C2CF371,false,0
2372,filler_cash_T2,E3,NON_CUSTOMER_SETTLED_SALE,T2,1:0:1,C2CF372,,C2CF372,false,0
2373,filler_cash_T2,E3,NON_CUSTOMER_SETTLED_SALE,T2,1:0:1,C2CF373,,C2CF373,false,0
2374,filler_cash_T2,E3,NON_CUSTOMER_SETTLED_SALE,T2,1:0:1,C2CF374,,C2CF374,false,0
2375,filler_cash_T2,E3,NON_CUSTOMER_SETTLED_SALE,T2,1:0:1,C2CF375,,C2CF375,false,0
2376,filler_cash_T2,E3,NON_CUSTOMER_SETTLED_SALE,T2,1:0:1,C2CF376,,C2CF376,false,0
2377,filler_cash_T2,E3,NON_CUSTOMER_SETTLED_SALE,T2,1:0:1,C2CF377,,C2CF377,false,0
2378,filler_cash_T2,E3,NON_CUSTOMER_SETTLED_SALE,T2,1:0:1,C2CF378,,C2CF378,false,0
2379,filler_cash_T2,E3,NON_CUSTOMER_SETTLED_SALE,T2,1:0:1,C2CF379,,C2CF379,false,0
2380,filler_cash_T2,E3,NON_CUSTOMER_SETTLED_SALE,T2,1:0:1,C2CF380,,C2CF380,false,0
2381,filler_cash_T2,E3,NON_CUSTOMER_SETTLED_SALE,T2,1:0:1,C2CF381,,C2CF381,false,0
2382,filler_cash_T2,E3,NON_CUSTOMER_SETTLED_SALE,T2,1:0:1,C2CF382,,C2CF382,false,0
2383,filler_cash_T2,E3,NON_CUSTOMER_SETTLED_SALE,T2,1:0:1,C2CF383,,C2CF383,false,0
2384,filler_cash_T2,E3,NON_CUSTOMER_SETTLED_SALE,T2,1:0:1,C2CF384,,C2CF384,false,0
2385,filler_cash_T2,E3,NON_CUSTOMER_SETTLED_SALE,T2,1:0:1,C2CF385,,C2CF385,false,0
2386,filler_cash_T2,E3,NON_CUSTOMER_SETTLED_SALE,T2,1:0:1,C2CF386,,C2CF386,false,0
2387,filler_cash_T2,E3,NON_CUSTOMER_SETTLED_SALE,T2,1:0:1,C2CF387,,C2CF387,false,0
2388,filler_cash_T2,E3,NON_CUSTOMER_SETTLED_SALE,T2,1:0:1,C2CF388,,C2CF388,false,0
2389,filler_cash_T2,E3,NON_CUSTOMER_SETTLED_SALE,T2,1:0:1,C2CF389,,C2CF389,false,0
2390,filler_cash_T2,E3,NON_CUSTOMER_SETTLED_SALE,T2,1:0:1,C2CF390,,C2CF390,false,0
2391,filler_cash_T2,E3,NON_CUSTOMER_SETTLED_SALE,T2,1:0:1,C2CF391,,C2CF391,false,0
2392,filler_cash_T2,E3,NON_CUSTOMER_SETTLED_SALE,T2,1:0:1,C2CF392,,C2CF392,false,0
2393,filler_cash_T2,E3,NON_CUSTOMER_SETTLED_SALE,T2,1:0:1,C2CF393,,C2CF393,false,0
2394,filler_cash_T2,E3,NON_CUSTOMER_SETTLED_SALE,T2,1:0:1,C2CF394,,C2CF394,false,0
2395,filler_cash_T2,E3,NON_CUSTOMER_SETTLED_SALE,T2,1:0:1,C2CF395,,C2CF395,false,0
2396,filler_cash_T2,E3,NON_CUSTOMER_SETTLED_SALE,T2,1:0:1,C2CF396,,C2CF396,false,0
2397,filler_cash_T2,E3,NON_CUSTOMER_SETTLED_SALE,T2,1:0:1,C2CF397,,C2CF397,false,0
2398,filler_cash_T2,E3,NON_CUSTOMER_SETTLED_SALE,T2,1:0:1,C2CF398,,C2CF398,false,0
2399,filler_cash_T2,E3,NON_CUSTOMER_SETTLED_SALE,T2,1:0:1,C2CF399,,C2CF399,false,0
2400,filler_cash_T2,E3,NON_CUSTOMER_SETTLED_SALE,T2,1:0:1,C2CF400,,C2CF400,false,0
2401,filler_cash_T2,E3,NON_CUSTOMER_SETTLED_SALE,T2,1:0:1,C2CF401,,C2CF401,false,0
2402,filler_cash_T2,E3,NON_CUSTOMER_SETTLED_SALE,T2,1:0:1,C2CF402,,C2CF402,false,0
2403,filler_cash_T2,E3,NON_CUSTOMER_SETTLED_SALE,T2,1:0:1,C2CF403,,C2CF403,false,0
2404,filler_cash_T2,E3,NON_CUSTOMER_SETTLED_SALE,T2,1:0:1,C2CF404,,C2CF404,false,0
3001,filler_credit_T0,E1,ALIGNED,T0,1:1:1,C2CB1,C2CB1,C2CB1,false,0
3002,filler_credit_T0,E1,ALIGNED,T0,1:1:1,C2CB2,C2CB2,C2CB2,false,0
3003,filler_credit_T0,E1,ALIGNED,T0,1:1:1,C2CB3,C2CB3,C2CB3,false,0
3004,filler_credit_T0,E1,ALIGNED,T0,1:1:1,C2CB4,C2CB4,C2CB4,false,0
3005,filler_credit_T0,E1,ALIGNED,T0,1:1:1,C2CB5,C2CB5,C2CB5,false,0
3006,filler_credit_T0,E1,ALIGNED,T0,1:1:1,C2CB6,C2CB6,C2CB6,false,0
3007,filler_credit_T0,E1,ALIGNED,T0,1:1:1,C2CB7,C2CB7,C2CB7,false,0
3008,filler_credit_T0,E1,ALIGNED,T0,1:1:1,C2CB8,C2CB8,C2CB8,false,0
3009,filler_credit_T0,E1,ALIGNED,T0,1:1:1,C2CB9,C2CB9,C2CB9,false,0
3010,filler_credit_T0,E1,ALIGNED,T0,1:1:1,C2CB10,C2CB10,C2CB10,false,0
3011,filler_credit_T0,E1,ALIGNED,T0,1:1:1,C2CB11,C2CB11,C2CB11,false,0
3012,filler_credit_T0,E1,ALIGNED,T0,1:1:1,C2CB12,C2CB12,C2CB12,false,0
3013,filler_credit_T0,E1,ALIGNED,T0,1:1:1,C2CB13,C2CB13,C2CB13,false,0
3014,filler_credit_T0,E1,ALIGNED,T0,1:1:1,C2CB14,C2CB14,C2CB14,false,0
3015,filler_credit_T0,E1,ALIGNED,T0,1:1:1,C2CB15,C2CB15,C2CB15,false,0
3016,filler_credit_T0,E1,ALIGNED,T0,1:1:1,C2CB16,C2CB16,C2CB16,false,0
3017,filler_credit_T0,E1,ALIGNED,T0,1:1:1,C2CB17,C2CB17,C2CB17,false,0
3018,filler_credit_T0,E1,ALIGNED,T0,1:1:1,C2CB18,C2CB18,C2CB18,false,0
3019,filler_credit_T0,E1,ALIGNED,T0,1:1:1,C2CB19,C2CB19,C2CB19,false,0
3020,filler_credit_T0,E1,ALIGNED,T0,1:1:1,C2CB20,C2CB20,C2CB20,false,0
3021,filler_credit_T0,E1,ALIGNED,T0,1:1:1,C2CB21,C2CB21,C2CB21,false,0
3022,filler_credit_T0,E1,ALIGNED,T0,1:1:1,C2CB22,C2CB22,C2CB22,false,0
3023,filler_credit_T0,E1,ALIGNED,T0,1:1:1,C2CB23,C2CB23,C2CB23,false,0
3024,filler_credit_T0,E1,ALIGNED,T0,1:1:1,C2CB24,C2CB24,C2CB24,false,0
3025,filler_credit_T0,E1,ALIGNED,T0,1:1:1,C2CB25,C2CB25,C2CB25,false,0
3026,filler_credit_T0,E1,ALIGNED,T0,1:1:1,C2CB26,C2CB26,C2CB26,false,0
3027,filler_credit_T0,E1,ALIGNED,T0,1:1:1,C2CB27,C2CB27,C2CB27,false,0
3028,filler_credit_T0,E1,ALIGNED,T0,1:1:1,C2CB28,C2CB28,C2CB28,false,0
3029,filler_credit_T0,E1,ALIGNED,T0,1:1:1,C2CB29,C2CB29,C2CB29,false,0
3030,filler_credit_T0,E1,ALIGNED,T0,1:1:1,C2CB30,C2CB30,C2CB30,false,0
3031,filler_credit_T0,E1,ALIGNED,T0,1:1:1,C2CB31,C2CB31,C2CB31,false,0
3032,filler_credit_T0,E1,ALIGNED,T0,1:1:1,C2CB32,C2CB32,C2CB32,false,0
3033,filler_credit_T0,E1,ALIGNED,T0,1:1:1,C2CB33,C2CB33,C2CB33,false,0
3034,filler_credit_T0,E1,ALIGNED,T0,1:1:1,C2CB34,C2CB34,C2CB34,false,0
3035,filler_credit_T0,E1,ALIGNED,T0,1:1:1,C2CB35,C2CB35,C2CB35,false,0
3036,filler_credit_T0,E1,ALIGNED,T0,1:1:1,C2CB36,C2CB36,C2CB36,false,0
3037,filler_credit_T0,E1,ALIGNED,T0,1:1:1,C2CB37,C2CB37,C2CB37,false,0
3038,filler_credit_T0,E1,ALIGNED,T0,1:1:1,C2CB38,C2CB38,C2CB38,false,0
3039,filler_credit_T0,E1,ALIGNED,T0,1:1:1,C2CB39,C2CB39,C2CB39,false,0
3040,filler_credit_T0,E1,ALIGNED,T0,1:1:1,C2CB40,C2CB40,C2CB40,false,0
3041,filler_credit_T0,E1,ALIGNED,T0,1:1:1,C2CB41,C2CB41,C2CB41,false,0
3042,filler_credit_T0,E1,ALIGNED,T0,1:1:1,C2CB42,C2CB42,C2CB42,false,0
3043,filler_credit_T0,E1,ALIGNED,T0,1:1:1,C2CB43,C2CB43,C2CB43,false,0
3044,filler_credit_T0,E1,ALIGNED,T0,1:1:1,C2CB44,C2CB44,C2CB44,false,0
3045,filler_credit_T0,E1,ALIGNED,T0,1:1:1,C2CB45,C2CB45,C2CB45,false,0
3046,filler_credit_T0,E1,ALIGNED,T0,1:1:1,C2CB46,C2CB46,C2CB46,false,0
3047,filler_credit_T0,E1,ALIGNED,T0,1:1:1,C2CB47,C2CB47,C2CB47,false,0
3048,filler_credit_T0,E1,ALIGNED,T0,1:1:1,C2CB48,C2CB48,C2CB48,false,0
3049,filler_credit_T0,E1,ALIGNED,T0,1:1:1,C2CB49,C2CB49,C2CB49,false,0
3050,filler_credit_T0,E1,ALIGNED,T0,1:1:1,C2CB50,C2CB50,C2CB50,false,0
3051,filler_credit_T0,E1,ALIGNED,T0,1:1:1,C2CB51,C2CB51,C2CB51,false,0
3052,filler_credit_T0,E1,ALIGNED,T0,1:1:1,C2CB52,C2CB52,C2CB52,false,0
3053,filler_credit_T0,E1,ALIGNED,T0,1:1:1,C2CB53,C2CB53,C2CB53,false,0
3054,filler_credit_T0,E1,ALIGNED,T0,1:1:1,C2CB54,C2CB54,C2CB54,false,0
3055,filler_credit_T0,E1,ALIGNED,T0,1:1:1,C2CB55,C2CB55,C2CB55,false,0
3056,filler_credit_T0,E1,ALIGNED,T0,1:1:1,C2CB56,C2CB56,C2CB56,false,0
3057,filler_credit_T0,E1,ALIGNED,T0,1:1:1,C2CB57,C2CB57,C2CB57,false,0
3058,filler_credit_T0,E1,ALIGNED,T0,1:1:1,C2CB58,C2CB58,C2CB58,false,0
3059,filler_credit_T0,E1,ALIGNED,T0,1:1:1,C2CB59,C2CB59,C2CB59,false,0
3060,filler_credit_T0,E1,ALIGNED,T0,1:1:1,C2CB60,C2CB60,C2CB60,false,0
3061,filler_credit_T0,E1,ALIGNED,T0,1:1:1,C2CB61,C2CB61,C2CB61,false,0
3062,filler_credit_T0,E1,ALIGNED,T0,1:1:1,C2CB62,C2CB62,C2CB62,false,0
3063,filler_credit_T0,E1,ALIGNED,T0,1:1:1,C2CB63,C2CB63,C2CB63,false,0
3064,filler_credit_T0,E1,ALIGNED,T0,1:1:1,C2CB64,C2CB64,C2CB64,false,0
3065,filler_credit_T0,E1,ALIGNED,T0,1:1:1,C2CB65,C2CB65,C2CB65,false,0
3066,filler_credit_T0,E1,ALIGNED,T0,1:1:1,C2CB66,C2CB66,C2CB66,false,0
3067,filler_credit_T0,E1,ALIGNED,T0,1:1:1,C2CB67,C2CB67,C2CB67,false,0
3068,filler_credit_T0,E1,ALIGNED,T0,1:1:1,C2CB68,C2CB68,C2CB68,false,0
3069,filler_credit_T0,E1,ALIGNED,T0,1:1:1,C2CB69,C2CB69,C2CB69,false,0
3070,filler_credit_T0,E1,ALIGNED,T0,1:1:1,C2CB70,C2CB70,C2CB70,false,0
3071,filler_credit_T0,E1,ALIGNED,T0,1:1:1,C2CB71,C2CB71,C2CB71,false,0
3072,filler_credit_T0,E1,ALIGNED,T0,1:1:1,C2CB72,C2CB72,C2CB72,false,0
3073,filler_credit_T0,E1,ALIGNED,T0,1:1:1,C2CB73,C2CB73,C2CB73,false,0
3074,filler_credit_T0,E1,ALIGNED,T0,1:1:1,C2CB74,C2CB74,C2CB74,false,0
3075,filler_credit_T0,E1,ALIGNED,T0,1:1:1,C2CB75,C2CB75,C2CB75,false,0
3076,filler_credit_T0,E1,ALIGNED,T0,1:1:1,C2CB76,C2CB76,C2CB76,false,0
3077,filler_credit_T0,E1,ALIGNED,T0,1:1:1,C2CB77,C2CB77,C2CB77,false,0
3078,filler_credit_T0,E1,ALIGNED,T0,1:1:1,C2CB78,C2CB78,C2CB78,false,0
3079,filler_credit_T0,E1,ALIGNED,T0,1:1:1,C2CB79,C2CB79,C2CB79,false,0
3080,filler_credit_T0,E1,ALIGNED,T0,1:1:1,C2CB80,C2CB80,C2CB80,false,0
3081,filler_credit_T0,E1,ALIGNED,T0,1:1:1,C2CB81,C2CB81,C2CB81,false,0
3082,filler_credit_T0,E1,ALIGNED,T0,1:1:1,C2CB82,C2CB82,C2CB82,false,0
3083,filler_credit_T0,E1,ALIGNED,T0,1:1:1,C2CB83,C2CB83,C2CB83,false,0
3084,filler_credit_T0,E1,ALIGNED,T0,1:1:1,C2CB84,C2CB84,C2CB84,false,0
3085,filler_credit_T0,E1,ALIGNED,T0,1:1:1,C2CB85,C2CB85,C2CB85,false,0
3086,filler_credit_T0,E1,ALIGNED,T0,1:1:1,C2CB86,C2CB86,C2CB86,false,0
3087,filler_credit_T0,E1,ALIGNED,T0,1:1:1,C2CB87,C2CB87,C2CB87,false,0
3088,filler_credit_T0,E1,ALIGNED,T0,1:1:1,C2CB88,C2CB88,C2CB88,false,0
3089,filler_credit_T0,E1,ALIGNED,T0,1:1:1,C2CB89,C2CB89,C2CB89,false,0
3090,filler_credit_T0,E1,ALIGNED,T0,1:1:1,C2CB90,C2CB90,C2CB90,false,0
3091,filler_credit_T0,E1,ALIGNED,T0,1:1:1,C2CB91,C2CB91,C2CB91,false,0
3092,filler_credit_T0,E1,ALIGNED,T0,1:1:1,C2CB92,C2CB92,C2CB92,false,0
3093,filler_credit_T0,E1,ALIGNED,T0,1:1:1,C2CB93,C2CB93,C2CB93,false,0
3094,filler_credit_T0,E1,ALIGNED,T0,1:1:1,C2CB94,C2CB94,C2CB94,false,0
3095,filler_credit_T0,E1,ALIGNED,T0,1:1:1,C2CB95,C2CB95,C2CB95,false,0
3096,filler_credit_T0,E1,ALIGNED,T0,1:1:1,C2CB96,C2CB96,C2CB96,false,0
3097,filler_credit_T0,E1,ALIGNED,T0,1:1:1,C2CB97,C2CB97,C2CB97,false,0
3098,filler_credit_T0,E1,ALIGNED,T0,1:1:1,C2CB98,C2CB98,C2CB98,false,0
3099,filler_credit_T0,E1,ALIGNED,T0,1:1:1,C2CB99,C2CB99,C2CB99,false,0
3100,filler_credit_T0,E1,ALIGNED,T0,1:1:1,C2CB100,C2CB100,C2CB100,false,0
3101,filler_credit_T0,E1,ALIGNED,T0,1:1:1,C2CB101,C2CB101,C2CB101,false,0
3102,filler_credit_T0,E1,ALIGNED,T0,1:1:1,C2CB102,C2CB102,C2CB102,false,0
3103,filler_credit_T0,E1,ALIGNED,T0,1:1:1,C2CB103,C2CB103,C2CB103,false,0
3104,filler_credit_T0,E1,ALIGNED,T0,1:1:1,C2CB104,C2CB104,C2CB104,false,0
3105,filler_credit_T0,E1,ALIGNED,T0,1:1:1,C2CB105,C2CB105,C2CB105,false,0
3106,filler_credit_T0,E1,ALIGNED,T0,1:1:1,C2CB106,C2CB106,C2CB106,false,0
3107,filler_credit_T0,E1,ALIGNED,T0,1:1:1,C2CB107,C2CB107,C2CB107,false,0
3108,filler_credit_T0,E1,ALIGNED,T0,1:1:1,C2CB108,C2CB108,C2CB108,false,0
3109,filler_credit_T0,E1,ALIGNED,T0,1:1:1,C2CB109,C2CB109,C2CB109,false,0
3110,filler_credit_T0,E1,ALIGNED,T0,1:1:1,C2CB110,C2CB110,C2CB110,false,0
3111,filler_credit_T0,E1,ALIGNED,T0,1:1:1,C2CB111,C2CB111,C2CB111,false,0
3112,filler_credit_T0,E1,ALIGNED,T0,1:1:1,C2CB112,C2CB112,C2CB112,false,0
3113,filler_credit_T0,E1,ALIGNED,T0,1:1:1,C2CB113,C2CB113,C2CB113,false,0
3114,filler_credit_T0,E1,ALIGNED,T0,1:1:1,C2CB114,C2CB114,C2CB114,false,0
3115,filler_credit_T0,E1,ALIGNED,T0,1:1:1,C2CB115,C2CB115,C2CB115,false,0
3116,filler_credit_T0,E1,ALIGNED,T0,1:1:1,C2CB116,C2CB116,C2CB116,false,0
3117,filler_credit_T0,E1,ALIGNED,T0,1:1:1,C2CB117,C2CB117,C2CB117,false,0
3118,filler_credit_T0,E1,ALIGNED,T0,1:1:1,C2CB118,C2CB118,C2CB118,false,0
3119,filler_credit_T0,E1,ALIGNED,T0,1:1:1,C2CB119,C2CB119,C2CB119,false,0
3120,filler_credit_T0,E1,ALIGNED,T0,1:1:1,C2CB120,C2CB120,C2CB120,false,0
3121,filler_credit_T0,E1,ALIGNED,T0,1:1:1,C2CB121,C2CB121,C2CB121,false,0
3122,filler_credit_T0,E1,ALIGNED,T0,1:1:1,C2CB122,C2CB122,C2CB122,false,0
3123,filler_credit_T0,E1,ALIGNED,T0,1:1:1,C2CB123,C2CB123,C2CB123,false,0
3124,filler_credit_T0,E1,ALIGNED,T0,1:1:1,C2CB124,C2CB124,C2CB124,false,0
3125,filler_credit_T0,E1,ALIGNED,T0,1:1:1,C2CB125,C2CB125,C2CB125,false,0
3126,filler_credit_T0,E1,ALIGNED,T0,1:1:1,C2CB126,C2CB126,C2CB126,false,0
3127,filler_credit_T0,E1,ALIGNED,T0,1:1:1,C2CB127,C2CB127,C2CB127,false,0
3128,filler_credit_T0,E1,ALIGNED,T0,1:1:1,C2CB128,C2CB128,C2CB128,false,0
3129,filler_credit_T0,E1,ALIGNED,T0,1:1:1,C2CB129,C2CB129,C2CB129,false,0
3130,filler_credit_T0,E1,ALIGNED,T0,1:1:1,C2CB130,C2CB130,C2CB130,false,0
3131,filler_credit_T0,E1,ALIGNED,T0,1:1:1,C2CB131,C2CB131,C2CB131,false,0
3132,filler_credit_T0,E1,ALIGNED,T0,1:1:1,C2CB132,C2CB132,C2CB132,false,0
3133,filler_credit_T0,E1,ALIGNED,T0,1:1:1,C2CB133,C2CB133,C2CB133,false,0
3134,filler_credit_T0,E1,ALIGNED,T0,1:1:1,C2CB134,C2CB134,C2CB134,false,0
3135,filler_credit_T0,E1,ALIGNED,T0,1:1:1,C2CB135,C2CB135,C2CB135,false,0
3136,filler_credit_T0,E1,ALIGNED,T0,1:1:1,C2CB136,C2CB136,C2CB136,false,0
3137,filler_credit_T0,E1,ALIGNED,T0,1:1:1,C2CB137,C2CB137,C2CB137,false,0
3138,filler_credit_T0,E1,ALIGNED,T0,1:1:1,C2CB138,C2CB138,C2CB138,false,0
3139,filler_credit_T0,E1,ALIGNED,T0,1:1:1,C2CB139,C2CB139,C2CB139,false,0
3140,filler_credit_T0,E1,ALIGNED,T0,1:1:1,C2CB140,C2CB140,C2CB140,false,0
3141,filler_credit_T0,E1,ALIGNED,T0,1:1:1,C2CB141,C2CB141,C2CB141,false,0
3142,filler_credit_T0,E1,ALIGNED,T0,1:1:1,C2CB142,C2CB142,C2CB142,false,0
3143,filler_credit_T0,E1,ALIGNED,T0,1:1:1,C2CB143,C2CB143,C2CB143,false,0
3144,filler_credit_T0,E1,ALIGNED,T0,1:1:1,C2CB144,C2CB144,C2CB144,false,0
3145,filler_credit_T0,E1,ALIGNED,T0,1:1:1,C2CB145,C2CB145,C2CB145,false,0
3146,filler_credit_T0,E1,ALIGNED,T0,1:1:1,C2CB146,C2CB146,C2CB146,false,0
3147,filler_credit_T0,E1,ALIGNED,T0,1:1:1,C2CB147,C2CB147,C2CB147,false,0
3148,filler_credit_T0,E1,ALIGNED,T0,1:1:1,C2CB148,C2CB148,C2CB148,false,0
3149,filler_credit_T0,E1,ALIGNED,T0,1:1:1,C2CB149,C2CB149,C2CB149,false,0
3150,filler_credit_T0,E1,ALIGNED,T0,1:1:1,C2CB150,C2CB150,C2CB150,false,0
3151,filler_credit_T0,E1,ALIGNED,T0,1:1:1,C2CB151,C2CB151,C2CB151,false,0
3152,filler_credit_T0,E1,ALIGNED,T0,1:1:1,C2CB152,C2CB152,C2CB152,false,0
3153,filler_credit_T0,E1,ALIGNED,T0,1:1:1,C2CB153,C2CB153,C2CB153,false,0
3154,filler_credit_T0,E1,ALIGNED,T0,1:1:1,C2CB154,C2CB154,C2CB154,false,0
3155,filler_credit_T0,E1,ALIGNED,T0,1:1:1,C2CB155,C2CB155,C2CB155,false,0
3156,filler_credit_T0,E1,ALIGNED,T0,1:1:1,C2CB156,C2CB156,C2CB156,false,0
3157,filler_credit_T0,E1,ALIGNED,T0,1:1:1,C2CB157,C2CB157,C2CB157,false,0
3158,filler_credit_T0,E1,ALIGNED,T0,1:1:1,C2CB158,C2CB158,C2CB158,false,0
3159,filler_credit_T0,E1,ALIGNED,T0,1:1:1,C2CB159,C2CB159,C2CB159,false,0
3160,filler_credit_T0,E1,ALIGNED,T0,1:1:1,C2CB160,C2CB160,C2CB160,false,0
3161,filler_credit_T0,E1,ALIGNED,T0,1:1:1,C2CB161,C2CB161,C2CB161,false,0
3162,filler_credit_T0,E1,ALIGNED,T0,1:1:1,C2CB162,C2CB162,C2CB162,false,0
3163,filler_credit_T0,E1,ALIGNED,T0,1:1:1,C2CB163,C2CB163,C2CB163,false,0
3164,filler_credit_T0,E1,ALIGNED,T0,1:1:1,C2CB164,C2CB164,C2CB164,false,0
3165,filler_credit_T0,E1,ALIGNED,T0,1:1:1,C2CB165,C2CB165,C2CB165,false,0
3166,filler_credit_T0,E1,ALIGNED,T0,1:1:1,C2CB166,C2CB166,C2CB166,false,0
3167,filler_credit_T0,E1,ALIGNED,T0,1:1:1,C2CB167,C2CB167,C2CB167,false,0
3168,filler_credit_T0,E1,ALIGNED,T0,1:1:1,C2CB168,C2CB168,C2CB168,false,0
3169,filler_credit_T0,E1,ALIGNED,T0,1:1:1,C2CB169,C2CB169,C2CB169,false,0
3170,filler_credit_T0,E1,ALIGNED,T0,1:1:1,C2CB170,C2CB170,C2CB170,false,0
3171,filler_credit_T0,E1,ALIGNED,T0,1:1:1,C2CB171,C2CB171,C2CB171,false,0
3172,filler_credit_T0,E1,ALIGNED,T0,1:1:1,C2CB172,C2CB172,C2CB172,false,0
3173,filler_credit_T0,E1,ALIGNED,T0,1:1:1,C2CB173,C2CB173,C2CB173,false,0
3174,filler_credit_T0,E1,ALIGNED,T0,1:1:1,C2CB174,C2CB174,C2CB174,false,0
3175,filler_credit_T0,E1,ALIGNED,T0,1:1:1,C2CB175,C2CB175,C2CB175,false,0
3176,filler_credit_T0,E1,ALIGNED,T0,1:1:1,C2CB176,C2CB176,C2CB176,false,0
3177,filler_credit_T0,E1,ALIGNED,T0,1:1:1,C2CB177,C2CB177,C2CB177,false,0
3178,filler_credit_T0,E1,ALIGNED,T0,1:1:1,C2CB178,C2CB178,C2CB178,false,0
3179,filler_credit_T0,E1,ALIGNED,T0,1:1:1,C2CB179,C2CB179,C2CB179,false,0
3180,filler_credit_T0,E1,ALIGNED,T0,1:1:1,C2CB180,C2CB180,C2CB180,false,0
3181,filler_credit_T0,E1,ALIGNED,T0,1:1:1,C2CB181,C2CB181,C2CB181,false,0
3182,filler_credit_T0,E1,ALIGNED,T0,1:1:1,C2CB182,C2CB182,C2CB182,false,0
3183,filler_credit_T0,E1,ALIGNED,T0,1:1:1,C2CB183,C2CB183,C2CB183,false,0
3184,filler_credit_T0,E1,ALIGNED,T0,1:1:1,C2CB184,C2CB184,C2CB184,false,0
3185,filler_credit_T0,E1,ALIGNED,T0,1:1:1,C2CB185,C2CB185,C2CB185,false,0
3186,filler_credit_T0,E1,ALIGNED,T0,1:1:1,C2CB186,C2CB186,C2CB186,false,0
3187,filler_credit_T0,E1,ALIGNED,T0,1:1:1,C2CB187,C2CB187,C2CB187,false,0
3188,filler_credit_T0,E1,ALIGNED,T0,1:1:1,C2CB188,C2CB188,C2CB188,false,0
3189,filler_credit_T0,E1,ALIGNED,T0,1:1:1,C2CB189,C2CB189,C2CB189,false,0
3190,filler_credit_T0,E1,ALIGNED,T0,1:1:1,C2CB190,C2CB190,C2CB190,false,0
3191,filler_credit_T0,E1,ALIGNED,T0,1:1:1,C2CB191,C2CB191,C2CB191,false,0
3192,filler_credit_T0,E1,ALIGNED,T0,1:1:1,C2CB192,C2CB192,C2CB192,false,0
3193,filler_credit_T0,E1,ALIGNED,T0,1:1:1,C2CB193,C2CB193,C2CB193,false,0
3194,filler_credit_T0,E1,ALIGNED,T0,1:1:1,C2CB194,C2CB194,C2CB194,false,0
3195,filler_credit_T0,E1,ALIGNED,T0,1:1:1,C2CB195,C2CB195,C2CB195,false,0
3196,filler_credit_T0,E1,ALIGNED,T0,1:1:1,C2CB196,C2CB196,C2CB196,false,0
3197,filler_credit_T0,E1,ALIGNED,T0,1:1:1,C2CB197,C2CB197,C2CB197,false,0
3198,filler_credit_T0,E1,ALIGNED,T0,1:1:1,C2CB198,C2CB198,C2CB198,false,0
3199,filler_credit_T0,E1,ALIGNED,T0,1:1:1,C2CB199,C2CB199,C2CB199,false,0
3200,filler_credit_T0,E1,ALIGNED,T0,1:1:1,C2CB200,C2CB200,C2CB200,false,0
3201,filler_credit_T0,E1,ALIGNED,T0,1:1:1,C2CB201,C2CB201,C2CB201,false,0
3202,filler_credit_T0,E1,ALIGNED,T0,1:1:1,C2CB202,C2CB202,C2CB202,false,0
3203,filler_credit_T0,E1,ALIGNED,T0,1:1:1,C2CB203,C2CB203,C2CB203,false,0
3204,filler_credit_T0,E1,ALIGNED,T0,1:1:1,C2CB204,C2CB204,C2CB204,false,0
3205,filler_credit_T0,E1,ALIGNED,T0,1:1:1,C2CB205,C2CB205,C2CB205,false,0
3206,filler_credit_T0,E1,ALIGNED,T0,1:1:1,C2CB206,C2CB206,C2CB206,false,0
3207,filler_credit_T0,E1,ALIGNED,T0,1:1:1,C2CB207,C2CB207,C2CB207,false,0
3208,filler_credit_T0,E1,ALIGNED,T0,1:1:1,C2CB208,C2CB208,C2CB208,false,0
3209,filler_credit_T0,E1,ALIGNED,T0,1:1:1,C2CB209,C2CB209,C2CB209,false,0
3210,filler_credit_T0,E1,ALIGNED,T0,1:1:1,C2CB210,C2CB210,C2CB210,false,0
3211,filler_credit_T0,E1,ALIGNED,T0,1:1:1,C2CB211,C2CB211,C2CB211,false,0
3212,filler_credit_T0,E1,ALIGNED,T0,1:1:1,C2CB212,C2CB212,C2CB212,false,0
3213,filler_credit_T0,E1,ALIGNED,T0,1:1:1,C2CB213,C2CB213,C2CB213,false,0
3214,filler_credit_T0,E1,ALIGNED,T0,1:1:1,C2CB214,C2CB214,C2CB214,false,0
3215,filler_credit_T0,E1,ALIGNED,T0,1:1:1,C2CB215,C2CB215,C2CB215,false,0
3216,filler_credit_T0,E1,ALIGNED,T0,1:1:1,C2CB216,C2CB216,C2CB216,false,0
3217,filler_credit_T0,E1,ALIGNED,T0,1:1:1,C2CB217,C2CB217,C2CB217,false,0
3218,filler_credit_T0,E1,ALIGNED,T0,1:1:1,C2CB218,C2CB218,C2CB218,false,0
3219,filler_credit_T0,E1,ALIGNED,T0,1:1:1,C2CB219,C2CB219,C2CB219,false,0
3220,filler_credit_T0,E1,ALIGNED,T0,1:1:1,C2CB220,C2CB220,C2CB220,false,0
3221,filler_credit_T0,E1,ALIGNED,T0,1:1:1,C2CB221,C2CB221,C2CB221,false,0
3222,filler_credit_T0,E1,ALIGNED,T0,1:1:1,C2CB222,C2CB222,C2CB222,false,0
3223,filler_credit_T0,E1,ALIGNED,T0,1:1:1,C2CB223,C2CB223,C2CB223,false,0
3224,filler_credit_T0,E1,ALIGNED,T0,1:1:1,C2CB224,C2CB224,C2CB224,false,0
3225,filler_credit_T0,E1,ALIGNED,T0,1:1:1,C2CB225,C2CB225,C2CB225,false,0
3226,filler_credit_T0,E1,ALIGNED,T0,1:1:1,C2CB226,C2CB226,C2CB226,false,0
3227,filler_credit_T0,E1,ALIGNED,T0,1:1:1,C2CB227,C2CB227,C2CB227,false,0
3228,filler_credit_T0,E1,ALIGNED,T0,1:1:1,C2CB228,C2CB228,C2CB228,false,0
3229,filler_credit_T0,E1,ALIGNED,T0,1:1:1,C2CB229,C2CB229,C2CB229,false,0
3230,filler_credit_T0,E1,ALIGNED,T0,1:1:1,C2CB230,C2CB230,C2CB230,false,0
3231,filler_credit_T0,E1,ALIGNED,T0,1:1:1,C2CB231,C2CB231,C2CB231,false,0
3232,filler_credit_T0,E1,ALIGNED,T0,1:1:1,C2CB232,C2CB232,C2CB232,false,0
3233,filler_credit_T0,E1,ALIGNED,T0,1:1:1,C2CB233,C2CB233,C2CB233,false,0
3234,filler_credit_T0,E1,ALIGNED,T0,1:1:1,C2CB234,C2CB234,C2CB234,false,0
3235,filler_credit_T0,E1,ALIGNED,T0,1:1:1,C2CB235,C2CB235,C2CB235,false,0
3236,filler_credit_T0,E1,ALIGNED,T0,1:1:1,C2CB236,C2CB236,C2CB236,false,0
3237,filler_credit_T0,E1,ALIGNED,T0,1:1:1,C2CB237,C2CB237,C2CB237,false,0
3238,filler_credit_T0,E1,ALIGNED,T0,1:1:1,C2CB238,C2CB238,C2CB238,false,0
3239,filler_credit_T0,E1,ALIGNED,T0,1:1:1,C2CB239,C2CB239,C2CB239,false,0
3240,filler_credit_T0,E1,ALIGNED,T0,1:1:1,C2CB240,C2CB240,C2CB240,false,0
3241,filler_credit_T0,E1,ALIGNED,T0,1:1:1,C2CB241,C2CB241,C2CB241,false,0
3242,filler_credit_T0,E1,ALIGNED,T0,1:1:1,C2CB242,C2CB242,C2CB242,false,0
3243,filler_credit_T0,E1,ALIGNED,T0,1:1:1,C2CB243,C2CB243,C2CB243,false,0
3244,filler_credit_T0,E1,ALIGNED,T0,1:1:1,C2CB244,C2CB244,C2CB244,false,0
3245,filler_credit_T0,E1,ALIGNED,T0,1:1:1,C2CB245,C2CB245,C2CB245,false,0
3246,filler_credit_T0,E1,ALIGNED,T0,1:1:1,C2CB246,C2CB246,C2CB246,false,0
3247,filler_credit_T0,E1,ALIGNED,T0,1:1:1,C2CB247,C2CB247,C2CB247,false,0
3248,filler_credit_T0,E1,ALIGNED,T0,1:1:1,C2CB248,C2CB248,C2CB248,false,0
3249,filler_credit_T0,E1,ALIGNED,T0,1:1:1,C2CB249,C2CB249,C2CB249,false,0
3250,filler_credit_T0,E1,ALIGNED,T0,1:1:1,C2CB250,C2CB250,C2CB250,false,0
3251,filler_credit_T0,E1,ALIGNED,T0,1:1:1,C2CB251,C2CB251,C2CB251,false,0
3252,filler_credit_T0,E1,ALIGNED,T0,1:1:1,C2CB252,C2CB252,C2CB252,false,0
3253,filler_credit_T0,E1,ALIGNED,T0,1:1:1,C2CB253,C2CB253,C2CB253,false,0
3254,filler_credit_T0,E1,ALIGNED,T0,1:1:1,C2CB254,C2CB254,C2CB254,false,0
3255,filler_credit_T0,E1,ALIGNED,T0,1:1:1,C2CB255,C2CB255,C2CB255,false,0
3256,filler_credit_T0,E1,ALIGNED,T0,1:1:1,C2CB256,C2CB256,C2CB256,false,0
3257,filler_credit_T0,E1,ALIGNED,T0,1:1:1,C2CB257,C2CB257,C2CB257,false,0
3258,filler_credit_T0,E1,ALIGNED,T0,1:1:1,C2CB258,C2CB258,C2CB258,false,0
3259,filler_credit_T0,E1,ALIGNED,T0,1:1:1,C2CB259,C2CB259,C2CB259,false,0
3260,filler_credit_T0,E1,ALIGNED,T0,1:1:1,C2CB260,C2CB260,C2CB260,false,0
3261,filler_credit_T0,E1,ALIGNED,T0,1:1:1,C2CB261,C2CB261,C2CB261,false,0
3262,filler_credit_T0,E1,ALIGNED,T0,1:1:1,C2CB262,C2CB262,C2CB262,false,0
3263,filler_credit_T0,E1,ALIGNED,T0,1:1:1,C2CB263,C2CB263,C2CB263,false,0
3264,filler_credit_T0,E1,ALIGNED,T0,1:1:1,C2CB264,C2CB264,C2CB264,false,0
3265,filler_credit_T0,E1,ALIGNED,T0,1:1:1,C2CB265,C2CB265,C2CB265,false,0
3266,filler_credit_T0,E1,ALIGNED,T0,1:1:1,C2CB266,C2CB266,C2CB266,false,0
3267,filler_credit_T0,E1,ALIGNED,T0,1:1:1,C2CB267,C2CB267,C2CB267,false,0
3268,filler_credit_T0,E1,ALIGNED,T0,1:1:1,C2CB268,C2CB268,C2CB268,false,0
3269,filler_credit_T0,E1,ALIGNED,T0,1:1:1,C2CB269,C2CB269,C2CB269,false,0
3270,filler_credit_T0,E1,ALIGNED,T0,1:1:1,C2CB270,C2CB270,C2CB270,false,0
3271,filler_credit_T0,E1,ALIGNED,T0,1:1:1,C2CB271,C2CB271,C2CB271,false,0
3272,filler_credit_T0,E1,ALIGNED,T0,1:1:1,C2CB272,C2CB272,C2CB272,false,0
3273,filler_credit_T0,E1,ALIGNED,T0,1:1:1,C2CB273,C2CB273,C2CB273,false,0
3274,filler_credit_T0,E1,ALIGNED,T0,1:1:1,C2CB274,C2CB274,C2CB274,false,0
3275,filler_credit_T0,E1,ALIGNED,T0,1:1:1,C2CB275,C2CB275,C2CB275,false,0
3276,filler_credit_T0,E1,ALIGNED,T0,1:1:1,C2CB276,C2CB276,C2CB276,false,0
3277,filler_credit_T0,E1,ALIGNED,T0,1:1:1,C2CB277,C2CB277,C2CB277,false,0
3278,filler_credit_T0,E1,ALIGNED,T0,1:1:1,C2CB278,C2CB278,C2CB278,false,0
3279,filler_credit_T0,E1,ALIGNED,T0,1:1:1,C2CB279,C2CB279,C2CB279,false,0
3280,filler_credit_T0,E1,ALIGNED,T0,1:1:1,C2CB280,C2CB280,C2CB280,false,0
3281,filler_credit_T0,E1,ALIGNED,T0,1:1:1,C2CB281,C2CB281,C2CB281,false,0
3282,filler_credit_T0,E1,ALIGNED,T0,1:1:1,C2CB282,C2CB282,C2CB282,false,0
3283,filler_credit_T0,E1,ALIGNED,T0,1:1:1,C2CB283,C2CB283,C2CB283,false,0
3284,filler_credit_T0,E1,ALIGNED,T0,1:1:1,C2CB284,C2CB284,C2CB284,false,0
3285,filler_credit_T0,E1,ALIGNED,T0,1:1:1,C2CB285,C2CB285,C2CB285,false,0
3286,filler_credit_T0,E1,ALIGNED,T0,1:1:1,C2CB286,C2CB286,C2CB286,false,0
3287,filler_credit_T0,E1,ALIGNED,T0,1:1:1,C2CB287,C2CB287,C2CB287,false,0
3288,filler_credit_T0,E1,ALIGNED,T0,1:1:1,C2CB288,C2CB288,C2CB288,false,0
3289,filler_credit_T0,E1,ALIGNED,T0,1:1:1,C2CB289,C2CB289,C2CB289,false,0
3290,filler_credit_T0,E1,ALIGNED,T0,1:1:1,C2CB290,C2CB290,C2CB290,false,0
3291,filler_credit_T0,E1,ALIGNED,T0,1:1:1,C2CB291,C2CB291,C2CB291,false,0
3292,filler_credit_T0,E1,ALIGNED,T0,1:1:1,C2CB292,C2CB292,C2CB292,false,0
3293,filler_credit_T0,E1,ALIGNED,T0,1:1:1,C2CB293,C2CB293,C2CB293,false,0
3294,filler_credit_T0,E1,ALIGNED,T0,1:1:1,C2CB294,C2CB294,C2CB294,false,0
3295,filler_credit_T0,E1,ALIGNED,T0,1:1:1,C2CB295,C2CB295,C2CB295,false,0
3296,filler_credit_T0,E1,ALIGNED,T0,1:1:1,C2CB296,C2CB296,C2CB296,false,0
3297,filler_credit_T0,E1,ALIGNED,T0,1:1:1,C2CB297,C2CB297,C2CB297,false,0
3298,filler_credit_T0,E1,ALIGNED,T0,1:1:1,C2CB298,C2CB298,C2CB298,false,0
3299,filler_credit_T0,E1,ALIGNED,T0,1:1:1,C2CB299,C2CB299,C2CB299,false,0
3300,filler_credit_T0,E1,ALIGNED,T0,1:1:1,C2CB300,C2CB300,C2CB300,false,0
3301,filler_credit_T0,E1,ALIGNED,T0,1:1:1,C2CB301,C2CB301,C2CB301,false,0
3302,filler_credit_T0,E1,ALIGNED,T0,1:1:1,C2CB302,C2CB302,C2CB302,false,0
3303,filler_credit_T0,E1,ALIGNED,T0,1:1:1,C2CB303,C2CB303,C2CB303,false,0
3304,filler_credit_T0,E1,ALIGNED,T0,1:1:1,C2CB304,C2CB304,C2CB304,false,0
3305,filler_credit_T0,E1,ALIGNED,T0,1:1:1,C2CB305,C2CB305,C2CB305,false,0
3306,filler_credit_T0,E1,ALIGNED,T0,1:1:1,C2CB306,C2CB306,C2CB306,false,0
3307,filler_credit_T0,E1,ALIGNED,T0,1:1:1,C2CB307,C2CB307,C2CB307,false,0
3308,filler_credit_T0,E1,ALIGNED,T0,1:1:1,C2CB308,C2CB308,C2CB308,false,0
3309,filler_credit_T0,E1,ALIGNED,T0,1:1:1,C2CB309,C2CB309,C2CB309,false,0
3310,filler_credit_T0,E1,ALIGNED,T0,1:1:1,C2CB310,C2CB310,C2CB310,false,0
3311,filler_credit_T0,E1,ALIGNED,T0,1:1:1,C2CB311,C2CB311,C2CB311,false,0
3312,filler_credit_T0,E1,ALIGNED,T0,1:1:1,C2CB312,C2CB312,C2CB312,false,0
3313,filler_credit_T0,E1,ALIGNED,T0,1:1:1,C2CB313,C2CB313,C2CB313,false,0
3314,filler_credit_T0,E1,ALIGNED,T0,1:1:1,C2CB314,C2CB314,C2CB314,false,0
3315,filler_credit_T0,E1,ALIGNED,T0,1:1:1,C2CB315,C2CB315,C2CB315,false,0
3316,filler_credit_T0,E1,ALIGNED,T0,1:1:1,C2CB316,C2CB316,C2CB316,false,0
3317,filler_credit_T0,E1,ALIGNED,T0,1:1:1,C2CB317,C2CB317,C2CB317,false,0
3318,filler_credit_T0,E1,ALIGNED,T0,1:1:1,C2CB318,C2CB318,C2CB318,false,0
3319,filler_credit_T0,E1,ALIGNED,T0,1:1:1,C2CB319,C2CB319,C2CB319,false,0
3320,filler_credit_T0,E1,ALIGNED,T0,1:1:1,C2CB320,C2CB320,C2CB320,false,0
3321,filler_credit_T0,E1,ALIGNED,T0,1:1:1,C2CB321,C2CB321,C2CB321,false,0
3322,filler_credit_T0,E1,ALIGNED,T0,1:1:1,C2CB322,C2CB322,C2CB322,false,0
3323,filler_credit_T0,E1,ALIGNED,T0,1:1:1,C2CB323,C2CB323,C2CB323,false,0
3324,filler_credit_T0,E1,ALIGNED,T0,1:1:1,C2CB324,C2CB324,C2CB324,false,0
3325,filler_credit_T0,E1,ALIGNED,T0,1:1:1,C2CB325,C2CB325,C2CB325,false,0
3326,filler_credit_T0,E1,ALIGNED,T0,1:1:1,C2CB326,C2CB326,C2CB326,false,0
3327,filler_credit_T0,E1,ALIGNED,T0,1:1:1,C2CB327,C2CB327,C2CB327,false,0
3328,filler_credit_T0,E1,ALIGNED,T0,1:1:1,C2CB328,C2CB328,C2CB328,false,0
3329,filler_credit_T0,E1,ALIGNED,T0,1:1:1,C2CB329,C2CB329,C2CB329,false,0
3330,filler_credit_T0,E1,ALIGNED,T0,1:1:1,C2CB330,C2CB330,C2CB330,false,0
3331,filler_credit_T0,E1,ALIGNED,T0,1:1:1,C2CB331,C2CB331,C2CB331,false,0
3332,filler_credit_T0,E1,ALIGNED,T0,1:1:1,C2CB332,C2CB332,C2CB332,false,0
3333,filler_credit_T0,E1,ALIGNED,T0,1:1:1,C2CB333,C2CB333,C2CB333,false,0
3334,filler_credit_T0,E1,ALIGNED,T0,1:1:1,C2CB334,C2CB334,C2CB334,false,0
3335,filler_credit_T0,E1,ALIGNED,T0,1:1:1,C2CB335,C2CB335,C2CB335,false,0
3336,filler_credit_T0,E1,ALIGNED,T0,1:1:1,C2CB336,C2CB336,C2CB336,false,0
3337,filler_credit_T0,E1,ALIGNED,T0,1:1:1,C2CB337,C2CB337,C2CB337,false,0
3338,filler_credit_T0,E1,ALIGNED,T0,1:1:1,C2CB338,C2CB338,C2CB338,false,0
3339,filler_credit_T0,E1,ALIGNED,T0,1:1:1,C2CB339,C2CB339,C2CB339,false,0
3340,filler_credit_T0,E1,ALIGNED,T0,1:1:1,C2CB340,C2CB340,C2CB340,false,0
3341,filler_credit_T0,E1,ALIGNED,T0,1:1:1,C2CB341,C2CB341,C2CB341,false,0
3342,filler_credit_T0,E1,ALIGNED,T0,1:1:1,C2CB342,C2CB342,C2CB342,false,0
3343,filler_credit_T0,E1,ALIGNED,T0,1:1:1,C2CB343,C2CB343,C2CB343,false,0
3344,filler_credit_T0,E1,ALIGNED,T0,1:1:1,C2CB344,C2CB344,C2CB344,false,0
3345,filler_credit_T0,E1,ALIGNED,T0,1:1:1,C2CB345,C2CB345,C2CB345,false,0
3346,filler_credit_T0,E1,ALIGNED,T0,1:1:1,C2CB346,C2CB346,C2CB346,false,0
3347,filler_credit_T0,E1,ALIGNED,T0,1:1:1,C2CB347,C2CB347,C2CB347,false,0
3348,filler_credit_T0,E1,ALIGNED,T0,1:1:1,C2CB348,C2CB348,C2CB348,false,0
3349,filler_credit_T0,E1,ALIGNED,T0,1:1:1,C2CB349,C2CB349,C2CB349,false,0
3350,filler_credit_T0,E1,ALIGNED,T0,1:1:1,C2CB350,C2CB350,C2CB350,false,0
3351,filler_credit_T0,E1,ALIGNED,T0,1:1:1,C2CB351,C2CB351,C2CB351,false,0
3352,filler_credit_T0,E1,ALIGNED,T0,1:1:1,C2CB352,C2CB352,C2CB352,false,0
3353,filler_credit_T0,E1,ALIGNED,T0,1:1:1,C2CB353,C2CB353,C2CB353,false,0
3354,filler_credit_T0,E1,ALIGNED,T0,1:1:1,C2CB354,C2CB354,C2CB354,false,0
3355,filler_credit_T0,E1,ALIGNED,T0,1:1:1,C2CB355,C2CB355,C2CB355,false,0
3356,filler_credit_T0,E1,ALIGNED,T0,1:1:1,C2CB356,C2CB356,C2CB356,false,0
3357,filler_credit_T0,E1,ALIGNED,T0,1:1:1,C2CB357,C2CB357,C2CB357,false,0
3358,filler_credit_T0,E1,ALIGNED,T0,1:1:1,C2CB358,C2CB358,C2CB358,false,0
3359,filler_credit_T0,E1,ALIGNED,T0,1:1:1,C2CB359,C2CB359,C2CB359,false,0
3360,filler_credit_T0,E1,ALIGNED,T0,1:1:1,C2CB360,C2CB360,C2CB360,false,0
3361,filler_credit_T0,E1,ALIGNED,T0,1:1:1,C2CB361,C2CB361,C2CB361,false,0
3362,filler_credit_T0,E1,ALIGNED,T0,1:1:1,C2CB362,C2CB362,C2CB362,false,0
3363,filler_credit_T0,E1,ALIGNED,T0,1:1:1,C2CB363,C2CB363,C2CB363,false,0
3364,filler_credit_T0,E1,ALIGNED,T0,1:1:1,C2CB364,C2CB364,C2CB364,false,0
3365,filler_credit_T0,E1,ALIGNED,T0,1:1:1,C2CB365,C2CB365,C2CB365,false,0
3366,filler_credit_T0,E1,ALIGNED,T0,1:1:1,C2CB366,C2CB366,C2CB366,false,0
3367,filler_credit_T0,E1,ALIGNED,T0,1:1:1,C2CB367,C2CB367,C2CB367,false,0
3368,filler_credit_T0,E1,ALIGNED,T0,1:1:1,C2CB368,C2CB368,C2CB368,false,0
3369,filler_credit_T0,E1,ALIGNED,T0,1:1:1,C2CB369,C2CB369,C2CB369,false,0
3370,filler_credit_T0,E1,ALIGNED,T0,1:1:1,C2CB370,C2CB370,C2CB370,false,0
3371,filler_credit_T0,E1,ALIGNED,T0,1:1:1,C2CB371,C2CB371,C2CB371,false,0
3372,filler_credit_T0,E1,ALIGNED,T0,1:1:1,C2CB372,C2CB372,C2CB372,false,0
3373,filler_credit_T0,E1,ALIGNED,T0,1:1:1,C2CB373,C2CB373,C2CB373,false,0
3374,filler_credit_T0,E1,ALIGNED,T0,1:1:1,C2CB374,C2CB374,C2CB374,false,0
3375,filler_credit_T0,E1,ALIGNED,T0,1:1:1,C2CB375,C2CB375,C2CB375,false,0
3376,filler_credit_T0,E1,ALIGNED,T0,1:1:1,C2CB376,C2CB376,C2CB376,false,0
3377,filler_credit_T0,E1,ALIGNED,T0,1:1:1,C2CB377,C2CB377,C2CB377,false,0
3378,filler_credit_T0,E1,ALIGNED,T0,1:1:1,C2CB378,C2CB378,C2CB378,false,0
3379,filler_credit_T0,E1,ALIGNED,T0,1:1:1,C2CB379,C2CB379,C2CB379,false,0
3380,filler_credit_T0,E1,ALIGNED,T0,1:1:1,C2CB380,C2CB380,C2CB380,false,0
3381,filler_credit_T0,E1,ALIGNED,T0,1:1:1,C2CB381,C2CB381,C2CB381,false,0
3382,filler_credit_T0,E1,ALIGNED,T0,1:1:1,C2CB382,C2CB382,C2CB382,false,0
3383,filler_credit_T0,E1,ALIGNED,T0,1:1:1,C2CB383,C2CB383,C2CB383,false,0
3384,filler_credit_T0,E1,ALIGNED,T0,1:1:1,C2CB384,C2CB384,C2CB384,false,0
3385,filler_credit_T0,E1,ALIGNED,T0,1:1:1,C2CB385,C2CB385,C2CB385,false,0
3386,filler_credit_T0,E1,ALIGNED,T0,1:1:1,C2CB386,C2CB386,C2CB386,false,0
3387,filler_credit_T0,E1,ALIGNED,T0,1:1:1,C2CB387,C2CB387,C2CB387,false,0
3388,filler_credit_T0,E1,ALIGNED,T0,1:1:1,C2CB388,C2CB388,C2CB388,false,0
3389,filler_credit_T0,E1,ALIGNED,T0,1:1:1,C2CB389,C2CB389,C2CB389,false,0
3390,filler_credit_T0,E1,ALIGNED,T0,1:1:1,C2CB390,C2CB390,C2CB390,false,0
3391,filler_credit_T0,E1,ALIGNED,T0,1:1:1,C2CB391,C2CB391,C2CB391,false,0
3392,filler_credit_T0,E1,ALIGNED,T0,1:1:1,C2CB392,C2CB392,C2CB392,false,0
3393,filler_credit_T0,E1,ALIGNED,T0,1:1:1,C2CB393,C2CB393,C2CB393,false,0
3394,filler_credit_T0,E1,ALIGNED,T0,1:1:1,C2CB394,C2CB394,C2CB394,false,0
3395,filler_credit_T0,E1,ALIGNED,T0,1:1:1,C2CB395,C2CB395,C2CB395,false,0
3396,filler_credit_T0,E1,ALIGNED,T0,1:1:1,C2CB396,C2CB396,C2CB396,false,0
3397,filler_credit_T0,E1,ALIGNED,T0,1:1:1,C2CB397,C2CB397,C2CB397,false,0
3398,filler_credit_T0,E1,ALIGNED,T0,1:1:1,C2CB398,C2CB398,C2CB398,false,0
3399,filler_credit_T0,E1,ALIGNED,T0,1:1:1,C2CB399,C2CB399,C2CB399,false,0
